n, customer_id, gender
0,57807356,1
1,31453935,0
2,48079721,0
3,39809041,0
4,99267661,1
5,19560967,0
6,5593208,0
7,11639778,0
8,12239681,1
9,42469382,0
10,77520174,0
11,54250959,0
12,23821386,1
13,29848943,0
14,79565843,1
15,41690086,1
16,18671863,0
17,10720945,1
18,95490909,0
19,80550801,0
20,76275019,1
21,38902029,1
22,7768600,1
23,71008417,0
24,45934273,0
25,24567813,1
26,74992804,0
27,5153687,0
28,75669588,0
29,54759922,0
30,72131112,1
31,34376895,1
32,41822334,1
33,50891156,1
34,62752470,0
35,37035466,0
36,29939230,0
37,82904633,0
38,97246642,1
39,27210701,1
40,76149190,1
41,49235515,1
42,21988907,1
43,63243545,0
44,81698208,0
45,96669381,0
46,28641319,1
47,67164724,0
48,68999916,0
49,93919839,1
50,17275036,1
51,25941092,1
52,76869749,0
53,58169630,0
54,58357698,1
55,85284751,1
56,25123154,0
57,12822386,1
58,3568140,1
59,66644039,0
60,92906966,0
61,98457709,0
62,30976504,1
63,63159770,0
64,50081041,1
65,45438179,0
66,86318735,0
67,19658089,0
68,31232290,1
69,38134287,0
70,98153319,0
71,25453268,1
72,49639155,1
73,57486854,0
74,31904123,0
75,97204638,0
76,67406385,0
77,46449412,0
78,36945615,0
79,69788889,1
80,59901772,0
81,90398087,0
82,45912503,1
83,84720563,0
84,95747928,0
85,6411933,0
86,35589068,0
87,82259377,1
88,37616739,1
89,67365860,0
90,89637426,1
91,16771902,1
92,34490133,0
93,30921497,0
94,35799252,1
95,91390597,1
96,77755850,0
97,73287480,0
98,94588128,1
99,94885326,0
100,41674124,1
101,44595753,1
102,99367057,0
103,33378448,1
104,90332495,0
105,46617094,1
106,60900358,1
107,50883761,0
108,60991319,0
109,10353051,1
110,54962601,1
111,46531075,0
112,79686363,0
113,14552261,0
114,87557382,0
115,38735257,1
116,21045545,0
117,7346340,0
118,54862658,0
119,69993837,1
120,51890036,0
121,65055799,1
122,44643000,1
123,9118054,0
124,82483973,0
125,25167349,0
126,68668303,0
127,4758274,0
128,64080161,0
129,58935084,0
130,89562088,0
131,8424966,1
132,14189626,1
133,53556576,0
134,23530657,1
135,39567641,1
136,49154469,0
137,29206794,0
138,62145393,1
139,40240304,0
140,34604158,0
141,32327379,0
142,45119322,1
143,14100143,1
144,6317738,1
145,31370687,1
146,70599086,1
147,38966443,0
148,37954658,1
149,73472247,0
150,28375379,1
151,41543568,0
152,1914718,1
153,50143188,1
154,13491189,0
155,5450195,1
156,23654718,0
157,23102041,1
158,26211677,0
159,83274022,0
160,8114521,1
161,12071388,1
162,37011448,0
163,43833731,0
164,93882392,0
165,22564064,0
166,77106402,0
167,66349382,0
168,91906022,0
169,95696045,1
170,91404684,1
171,53228982,1
172,53695543,0
173,24675912,1
174,94198426,1
175,15158844,0
176,34878810,0
177,78276278,0
178,80952413,0
179,81780909,0
180,93685024,0
181,39472448,0
182,49674069,0
183,73028403,0
184,66291595,0
185,25486872,0
186,42754565,1
187,95150782,1
188,95705188,0
189,74599819,1
190,78587445,1
191,73430259,1
192,23793742,1
193,67989047,0
194,65801943,0
195,60428201,0
196,43073236,1
197,38462191,1
198,90851084,1
199,70469083,1
200,94211522,0
201,9745763,0
202,44992736,0
203,14694355,0
204,86227647,1
205,82125598,0
206,40773698,0
207,78210149,1
208,37371201,0
209,66483256,1
210,9854677,1
211,84536809,0
212,84282939,0
213,7351769,0
214,12095826,1
215,74515071,0
216,38129216,1
217,41931341,0
218,66729391,0
219,35568840,0
220,52097627,0
221,19695860,1
222,6905027,0
223,13221041,0
224,76280977,0
225,92554046,1
226,6761809,1
227,79965972,1
228,62758750,0
229,31850028,1
230,40868214,0
231,75972046,0
232,26064554,1
233,56681140,0
234,67267524,1
235,69970853,0
236,21865651,1
237,4466684,1
238,87103619,1
239,56178851,0
240,80120933,1
241,61572210,1
242,82669739,0
243,87519015,0
244,1702393,0
245,25827034,1
246,54723442,0
247,39138734,0
248,15223932,0
249,40833841,1
250,97578903,0
251,15809747,0
252,59073462,0
253,49219531,1
254,35565236,0
255,11469033,1
256,16704747,0
257,63145287,0
258,115617,1
259,61386658,0
260,59506410,0
261,361458,1
262,21711616,0
263,84580352,1
264,22856441,0
265,85185644,1
266,13032345,0
267,26120775,1
268,49530061,0
269,53683015,0
270,28290770,0
271,97514276,0
272,64932205,0
273,10071732,0
274,92625133,0
275,69743356,0
276,96706392,1
277,8071073,1
278,76475250,1
279,23690692,0
280,13799180,1
281,89930657,1
282,72118918,0
283,67137605,0
284,55775954,0
285,59767689,1
286,50107404,0
287,25130933,1
288,69608221,0
289,99538589,1
290,17256393,0
291,84170310,1
292,45148188,0
293,99800531,0
294,94426973,1
295,16226085,1
296,27580513,1
297,43227357,0
298,36634640,1
299,95871708,0
300,9443030,0
301,49789613,1
302,75225096,0
303,87767714,0
304,81669205,1
305,8650969,0
306,17831625,1
307,77259781,1
308,94725495,0
309,90641486,1
310,22291599,1
311,66463862,0
312,25709662,0
313,43965739,0
314,69593249,0
315,50756711,1
316,67675487,1
317,77426468,1
318,24379703,1
319,92430984,1
320,90900035,1
321,46438232,1
322,80573409,0
323,53708094,1
324,77916307,1
325,21606094,1
326,48831714,0
327,90417572,0
328,12044720,1
329,73776618,1
330,81114736,0
331,53839754,0
332,54520189,0
333,26979327,0
334,84947745,0
335,26206148,1
336,35424652,1
337,9075126,1
338,56974053,1
339,76599235,0
340,83391046,0
341,97967511,1
342,71591742,1
343,13195994,0
344,39066230,1
345,93626858,0
346,19309943,0
347,99414663,1
348,48730144,1
349,65183612,0
350,27932623,1
351,4661902,0
352,93741075,0
353,24506144,0
354,68813350,0
355,28753,0
356,31009144,0
357,40515468,1
358,50974750,0
359,9045235,0
360,21349519,0
361,65773526,0
362,26865893,0
363,52228846,0
364,2873570,0
365,49453167,1
366,4539433,1
367,9673243,1
368,60301744,0
369,324850,1
370,48647125,0
371,2615105,0
372,40035863,1
373,99074102,0
374,87226453,1
375,82057183,1
376,13695605,0
377,34114030,0
378,10377190,1
379,34970424,0
380,99692933,1
381,95390382,0
382,91647754,0
383,75392408,0
384,69465540,0
385,99331995,0
386,58361655,0
387,45415313,1
388,49334729,1
389,46227111,0
390,89054081,0
391,76987147,0
392,27651645,1
393,66572743,0
394,14474509,1
395,44663000,0
396,70350764,0
397,26647236,1
398,48285503,0
399,51299910,0
400,65368200,0
401,16835324,1
402,57620272,1
403,31038673,0
404,51257018,0
405,18894090,1
406,10269885,0
407,34580044,1
408,64869635,0
409,11585045,0
410,2734888,1
411,95861431,0
412,26180886,0
413,75829830,1
414,44567100,0
415,15392798,0
416,98976404,0
417,75504397,1
418,59237235,1
419,88600980,1
420,18649620,0
421,97502932,0
422,76469565,0
423,34068814,0
424,81738156,0
425,15381290,0
426,8329675,0
427,73495038,0
428,24406160,0
429,3830602,1
430,74630945,0
431,43947581,1
432,88588034,0
433,93831724,0
434,31866630,0
435,34023430,0
436,38709240,0
437,8134877,1
438,32922999,0
439,37676504,1
440,82247147,0
441,79541861,0
442,85952372,0
443,28626810,0
444,82819627,1
445,35824382,1
446,49603445,0
447,49222601,0
448,85841930,1
449,47750610,0
450,42912369,0
451,8860759,0
452,38349962,0
453,7977162,0
454,47623554,1
455,70458117,1
456,61596684,1
457,95435661,0
458,45477365,1
459,84522298,0
460,7588127,1
461,29982886,0
462,91998647,0
463,99725094,1
464,93031933,0
465,64953765,0
466,53543155,0
467,58878219,0
468,28369355,0
469,10747474,0
470,70705317,0
471,94205618,1
472,71730765,0
473,47165855,1
474,95108573,1
475,24831298,0
476,46977616,0
477,61471947,0
478,43099100,1
479,30217532,0
480,44138364,1
481,49300566,0
482,73164708,1
483,18630870,1
484,80432221,1
485,93106302,1
486,2162737,1
487,27295018,0
488,40133271,0
489,98165656,0
490,32805864,1
491,65874033,0
492,84682613,0
493,53591955,0
494,14212610,0
495,3545192,0
496,52012871,0
497,73021118,0
498,26037329,0
499,55721022,1
500,21305838,0
501,34906347,1
502,87542711,0
503,86893722,0
504,28793526,1
505,51425306,1
506,19787819,1
507,31261707,1
508,61701375,0
509,34694987,0
510,65831532,0
511,49355130,0
512,277885,0
513,68766575,0
514,90634231,0
515,74028248,1
516,30274942,0
517,80331661,0
518,85187996,0
519,29435365,1
520,42101009,0
521,58963441,0
522,80378441,0
523,89729753,1
524,5307689,0
525,21376110,0
526,3399566,0
527,9200964,1
528,16826344,0
529,96063064,0
530,99315139,1
531,23916705,1
532,76958479,0
533,85159859,0
534,59656984,0
535,58410222,1
536,29593738,0
537,36622596,0
538,51749542,1
539,5809907,1
540,58181810,0
541,52886082,1
542,2314154,0
543,65311903,0
544,77354267,1
545,71342712,0
546,26784622,1
547,70327700,0
548,3067830,1
549,1386526,0
550,34077523,0
551,91803318,0
552,81288145,1
553,64791803,1
554,19645909,0
555,55241651,1
556,97413399,0
557,15103892,0
558,4074949,0
559,94500594,0
560,70630732,0
561,33199073,0
562,89625038,0
563,28658403,0
564,41504414,1
565,76817755,0
566,46360820,1
567,54920864,1
568,37088614,1
569,41373183,0
570,81522114,1
571,63305351,1
572,68105467,0
573,46510267,0
574,35101936,1
575,18628974,1
576,48881759,1
577,81009032,0
578,6839194,1
579,93600267,1
580,7102003,1
581,93278289,1
582,53781809,1
583,40722638,0
584,63439723,0
585,24112213,0
586,99537776,0
587,87071173,0
588,29333322,0
589,28064405,1
590,45744186,1
591,15523078,1
592,44110479,0
593,81173369,0
594,52741895,1
595,77690856,1
596,4906390,1
597,81450459,1
598,18925330,0
599,11819140,1
600,87136107,1
601,44719963,0
602,24405181,0
603,15971667,0
604,374768,1
605,86158591,0
606,16949486,1
607,70581780,1
608,43262359,1
609,42268246,0
610,78109597,0
611,69076195,1
612,18139443,0
613,75346132,0
614,61477227,0
615,58431934,1
616,81370389,1
617,65002627,1
618,69821480,1
619,11139526,0
620,69068274,0
621,48119333,1
622,35143337,0
623,65238800,0
624,66352696,0
625,39797791,0
626,94192485,0
627,56374882,1
628,46573073,0
629,52926,1
630,87502946,1
631,20427207,0
632,86630396,0
633,54530288,1
634,95752671,0
635,11535483,1
636,6903543,1
637,81513101,0
638,36207264,1
639,78236376,1
640,3938875,0
641,94503917,1
642,66277300,1
643,49608669,0
644,33031859,1
645,41042283,0
646,99206692,0
647,94292971,1
648,64988012,1
649,67046686,0
650,48968676,0
651,94449657,0
652,24979547,0
653,60632738,0
654,87712186,1
655,27312913,0
656,50106986,0
657,40034321,1
658,75888217,0
659,87645685,0
660,1658650,1
661,11321790,1
662,89001355,1
663,94756196,1
664,45371529,0
665,30872087,0
666,11373512,1
667,23963963,1
668,26605300,0
669,99069308,0
670,43637901,1
671,69435148,0
672,14134377,0
673,31052070,1
674,49913122,0
675,16591133,1
676,62713360,1
677,74003300,1
678,16144253,0
679,58568712,0
680,62233373,0
681,92326906,0
682,5133168,0
683,24612751,0
684,48537787,1
685,31376915,0
686,67900960,0
687,27466074,1
688,16910920,1
689,62142740,0
690,98174056,0
691,33239756,1
692,95787259,1
693,16273685,0
694,17880257,0
695,27006853,1
696,1945885,0
697,60224433,0
698,11576588,1
699,51610137,1
700,94102644,1
701,38583291,0
702,41856666,0
703,16799312,1
704,19714725,1
705,50089194,1
706,54250589,1
707,89342360,0
708,87231936,0
709,53561226,0
710,10110730,0
711,17732156,0
712,22450717,0
713,99085258,1
714,19287737,0
715,94969511,0
716,5119289,0
717,27698582,1
718,1571169,0
719,2802378,1
720,70857044,1
721,57413819,1
722,44445893,0
723,50925799,1
724,61764389,1
725,65393640,1
726,85494965,1
727,66985041,0
728,25497358,0
729,20946104,1
730,75825876,0
731,76053807,0
732,33162672,0
733,85456043,0
734,52118920,1
735,49465841,0
736,22060157,1
737,5027133,0
738,17346481,1
739,89757351,1
740,791643,1
741,41839943,0
742,65765985,0
743,47035157,0
744,67193294,0
745,61208146,0
746,1704698,0
747,66531409,0
748,86650997,0
749,50426364,1
750,66221676,0
751,75910802,1
752,72765143,1
753,35245068,1
754,18629075,1
755,51303175,1
756,62253980,1
757,50846777,0
758,75669940,1
759,41440128,1
760,29202812,0
761,74503949,1
762,55073384,0
763,18020299,1
764,41180368,0
765,66893240,0
766,65613676,0
767,32342676,1
768,6314083,1
769,32298189,1
770,21717441,0
771,8976003,1
772,84307346,0
773,73845410,0
774,21179768,1
775,74227535,1
776,68186112,0
777,23188394,1
778,36694774,1
779,97785840,1
780,49013605,0
781,40935946,0
782,18104975,1
783,19262133,0
784,66085151,1
785,57223330,1
786,47299886,0
787,86740634,0
788,42548101,1
789,2474434,1
790,66288933,0
791,61689742,0
792,41749270,0
793,46416045,0
794,6522539,0
795,38467091,0
796,77726496,1
797,36018364,1
798,16367800,0
799,71917632,1
800,38703880,1
801,98614981,1
802,71465339,0
803,784349,1
804,70826950,0
805,54403710,1
806,82974932,1
807,13431883,1
808,15866910,1
809,44463692,0
810,98960635,1
811,74944537,0
812,12914046,1
813,70949223,0
814,30099451,1
815,39286513,0
816,11060478,0
817,28004716,0
818,84667527,1
819,86574718,0
820,5620371,0
821,71985542,0
822,60413996,1
823,98918956,0
824,956512,0
825,37098067,0
826,98901610,1
827,37390840,0
828,66657662,0
829,7431256,0
830,79844656,0
831,7519952,0
832,9718695,0
833,57513608,1
834,25579809,1
835,35032736,1
836,18690123,0
837,39186764,0
838,43838131,1
839,68346269,0
840,24339986,0
841,63603210,0
842,77873298,1
843,62807869,1
844,21492846,1
845,61717757,0
846,73189788,1
847,83036519,0
848,24862277,0
849,91223020,1
850,88299026,1
851,1877899,1
852,48015680,0
853,63557480,0
854,49787894,1
855,63146644,1
856,2134054,0
857,34157582,0
858,11835383,0
859,8859845,0
860,28839991,0
861,86344405,0
862,92949824,0
863,95047101,1
864,79080894,0
865,66653810,0
866,54851979,0
867,59096539,1
868,85886762,0
869,62830614,1
870,33182077,0
871,55318991,1
872,32523426,1
873,35434608,0
874,66342931,1
875,95990549,1
876,88757297,0
877,84226815,0
878,41559287,0
879,68553737,1
880,76804274,0
881,41289285,1
882,21044517,0
883,88597570,0
884,75599721,1
885,86200774,0
886,44018988,0
887,44377050,1
888,45406547,1
889,29453966,1
890,33554688,1
891,30701406,1
892,6092042,1
893,76419677,1
894,26511631,0
895,11316922,0
896,85179388,1
897,37487258,1
898,83869978,0
899,42839220,0
900,60693557,0
901,16405988,1
902,22673314,1
903,88062408,0
904,78291801,0
905,71017308,1
906,82027598,0
907,69366778,1
908,62607193,0
909,58478564,1
910,88082678,0
911,55415375,0
912,17327321,1
913,87618406,1
914,21567965,1
915,97175105,1
916,62624043,0
917,81623686,0
918,50907611,1
919,14596151,1
920,75974406,1
921,48803462,0
922,90759904,1
923,4891400,1
924,55913070,0
925,1157982,0
926,1747627,0
927,51406373,0
928,60146904,0
929,80197904,0
930,76644983,0
931,70720305,0
932,36737618,1
933,55575472,0
934,8768990,1
935,42700468,0
936,31719348,0
937,57210145,1
938,59894674,1
939,15230899,1
940,96956522,0
941,29674480,1
942,22313840,0
943,67071515,1
944,4584304,0
945,98373939,0
946,66712056,0
947,28651612,0
948,16143064,0
949,25486274,1
950,21264160,1
951,47413283,1
952,24871230,0
953,38797521,0
954,97803699,0
955,77167567,1
956,68025255,1
957,34026271,0
958,47273305,1
959,85186488,1
960,26388579,0
961,23251829,1
962,75500611,0
963,60229410,0
964,15945483,0
965,11224986,1
966,17360599,0
967,14480573,1
968,83038642,1
969,17923253,1
970,10646582,1
971,38165217,0
972,51879278,0
973,20754997,1
974,90945628,0
975,78358949,0
976,6898820,1
977,89750103,1
978,31613863,0
979,13863600,1
980,20306146,0
981,97821577,0
982,40509142,0
983,18825101,0
984,83851361,1
985,32970687,0
986,6927639,1
987,7172931,0
988,93302462,0
989,16080959,0
990,89072628,1
991,9945756,0
992,75538766,1
993,37657997,1
994,2851080,0
995,11218538,0
996,89580047,0
997,27502998,0
998,29279448,1
999,26448357,0
1000,74299321,0
1001,48741370,1
1002,27786863,0
1003,26916936,1
1004,28564485,0
1005,72920418,1
1006,65762424,1
1007,16351435,0
1008,32051700,1
1009,53683044,0
1010,68443364,0
1011,22370499,1
1012,89222217,0
1013,46591098,0
1014,52436023,1
1015,1513266,1
1016,25925222,0
1017,83685209,1
1018,26495360,1
1019,34455995,1
1020,61149133,0
1021,47636043,0
1022,90524119,0
1023,42572886,0
1024,16920927,0
1025,55477562,1
1026,88877409,0
1027,96237837,0
1028,94960306,0
1029,29208509,1
1030,94846611,1
1031,86936217,1
1032,15160419,0
1033,60721060,0
1034,68833534,1
1035,54721273,0
1036,56158977,1
1037,21250617,1
1038,21544548,0
1039,56576080,1
1040,81179196,0
1041,15701539,1
1042,68222821,0
1043,79963186,0
1044,34699380,0
1045,41394223,1
1046,94585085,0
1047,41870088,1
1048,65149894,1
1049,19149664,1
1050,11882317,0
1051,71331226,1
1052,15033734,1
1053,94815715,1
1054,67487740,0
1055,17659964,1
1056,84744766,0
1057,99771592,1
1058,18640023,1
1059,39796401,1
1060,96267319,1
1061,68928446,0
1062,69494630,0
1063,15150934,1
1064,40993149,1
1065,94374717,1
1066,39510825,0
1067,60123411,0
1068,86660128,0
1069,4202815,1
1070,39009829,1
1071,2501058,0
1072,62547124,1
1073,36929618,1
1074,45652279,1
1075,91104008,1
1076,27678812,1
1077,44167113,0
1078,94849312,1
1079,21638457,0
1080,12450114,0
1081,19780347,1
1082,76960318,1
1083,85356295,1
1084,38371802,0
1085,54636579,0
1086,22931716,1
1087,91210508,0
1088,68308642,0
1089,12995896,1
1090,54172427,0
1091,6543228,0
1092,6519857,1
1093,31916733,1
1094,13664173,0
1095,72592609,0
1096,37309301,1
1097,54305536,1
1098,29102670,1
1099,95074221,0
1100,99540926,0
1101,11267999,0
1102,36671455,1
1103,48140681,0
1104,58423516,1
1105,45934953,0
1106,48603296,0
1107,78833879,0
1108,72430723,1
1109,60344266,0
1110,43660285,0
1111,17793655,0
1112,78911563,0
1113,36250065,0
1114,36023549,0
1115,85421813,0
1116,30666489,0
1117,35494033,0
1118,64103974,1
1119,44451498,0
1120,30705292,0
1121,59567939,0
1122,3825193,1
1123,73931563,0
1124,9055616,0
1125,60042933,0
1126,64332749,0
1127,74653671,0
1128,94454524,1
1129,68910084,0
1130,93247406,0
1131,74775707,0
1132,18490455,0
1133,67648409,1
1134,94658132,0
1135,4763823,1
1136,56757226,1
1137,13587967,1
1138,86108730,0
1139,80417676,0
1140,53426018,0
1141,33344906,0
1142,62668918,0
1143,4165519,0
1144,74373906,0
1145,50414042,0
1146,22882112,0
1147,77436906,1
1148,86605233,0
1149,65862647,1
1150,11341232,1
1151,50793398,0
1152,43999420,0
1153,69279297,0
1154,86899061,0
1155,87491758,0
1156,92659530,0
1157,5970979,0
1158,28137542,1
1159,8491771,0
1160,89879339,0
1161,9060208,1
1162,22885925,0
1163,74676188,1
1164,73534440,0
1165,96212196,0
1166,62969386,1
1167,25457344,1
1168,38950034,0
1169,90145416,0
1170,36031260,1
1171,37291325,0
1172,66849308,0
1173,88263718,1
1174,7544591,0
1175,81327243,1
1176,1289086,1
1177,5501127,0
1178,44124460,0
1179,55609842,1
1180,12591110,1
1181,70389410,0
1182,56587321,0
1183,421322,0
1184,4879397,1
1185,96372458,0
1186,2134142,0
1187,51488456,1
1188,54152743,0
1189,90541594,0
1190,97302250,0
1191,70132417,0
1192,92940149,0
1193,73847071,1
1194,91583195,0
1195,68714935,0
1196,47113842,1
1197,66962059,1
1198,35497384,1
1199,99401292,0
1200,46147743,1
1201,12803072,0
1202,86475916,1
1203,12096448,0
1204,36583343,1
1205,58245178,0
1206,293048,0
1207,55156362,1
1208,88953978,0
1209,65431683,0
1210,69930822,0
1211,83571433,0
1212,45678863,0
1213,22862903,0
1214,6231503,0
1215,68395511,1
1216,93635530,0
1217,79837941,0
1218,18048133,1
1219,29862509,0
1220,45448008,1
1221,84500326,0
1222,68449618,1
1223,49770197,1
1224,88953742,0
1225,89182329,1
1226,28843862,0
1227,18360110,1
1228,37159481,0
1229,86266095,0
1230,48192892,0
1231,83434674,1
1232,29625170,1
1233,87819773,1
1234,58686638,0
1235,80112843,0
1236,49635827,1
1237,12833442,0
1238,64266161,1
1239,87904457,1
1240,90308191,0
1241,62124669,0
1242,13879262,0
1243,24479386,1
1244,57546321,1
1245,22556651,1
1246,50667664,1
1247,9511061,0
1248,96554723,1
1249,68978319,0
1250,85853498,0
1251,33968207,1
1252,1013875,1
1253,39461665,1
1254,47572617,1
1255,95115712,1
1256,95115678,1
1257,58659032,0
1258,82406113,0
1259,22319696,0
1260,61240380,1
1261,32194532,1
1262,63171651,1
1263,83199735,0
1264,12095671,0
1265,43934664,1
1266,96468329,1
1267,6609708,0
1268,31606195,0
1269,91729538,0
1270,9742039,1
1271,81359030,1
1272,91188012,0
1273,84691218,1
1274,61160097,1
1275,41857086,1
1276,79124749,0
1277,52787907,0
1278,22450434,1
1279,94197582,0
1280,68916137,1
1281,1946162,0
1282,33842444,1
1283,51204755,0
1284,81925661,1
1285,71408643,1
1286,78774857,0
1287,79211748,0
1288,35499455,0
1289,10159490,0
1290,28209124,0
1291,47465679,0
1292,91391942,1
1293,29793264,1
1294,75615871,0
1295,1081993,0
1296,60939191,1
1297,94925644,0
1298,20249071,0
1299,35768528,0
1300,44353987,0
1301,70680,0
1302,70780820,1
1303,95888024,0
1304,18568009,0
1305,15847268,0
1306,59626458,0
1307,99159786,0
1308,61590766,1
1309,13067380,1
1310,41396508,0
1311,35757799,0
1312,886850,1
1313,75555017,1
1314,18053122,0
1315,20483961,1
1316,96761685,1
1317,14835466,0
1318,74145038,0
1319,199565,0
1320,89210806,1
1321,99807439,0
1322,2258783,0
1323,40980777,0
1324,64960269,0
1325,3401355,0
1326,21473936,0
1327,73605230,0
1328,71673925,0
1329,25771743,1
1330,87823426,0
1331,80168324,0
1332,126081,1
1333,3404369,0
1334,52129448,0
1335,9353024,1
1336,11203768,0
1337,49857540,1
1338,84300454,0
1339,11186103,0
1340,27573266,1
1341,80529711,0
1342,88232920,0
1343,69088918,1
1344,94437220,0
1345,7174462,1
1346,3045827,0
1347,17674010,0
1348,7967711,0
1349,36459476,0
1350,44933295,0
1351,72095061,1
1352,91973819,1
1353,19237958,0
1354,41072402,0
1355,98205722,1
1356,85365990,1
1357,46396039,0
1358,85198450,0
1359,16342382,1
1360,27391443,0
1361,71236168,0
1362,96118953,0
1363,87750165,1
1364,26803238,1
1365,33778845,1
1366,58287137,0
1367,92579944,1
1368,92100571,0
1369,60185238,1
1370,86004635,1
1371,12307571,0
1372,63497618,1
1373,18889791,0
1374,94461607,1
1375,15898915,0
1376,11403503,1
1377,90935269,0
1378,5418418,0
1379,95933705,1
1380,72506783,1
1381,63140042,1
1382,84973550,0
1383,78603934,1
1384,88715182,1
1385,39420644,0
1386,61472440,1
1387,75025577,1
1388,91951616,0
1389,66688816,0
1390,67591093,0
1391,20984307,0
1392,48318891,0
1393,12281103,0
1394,76375245,0
1395,86827826,0
1396,58458710,1
1397,96064320,0
1398,52503545,0
1399,82730490,1
1400,49495176,1
1401,82005177,1
1402,77023107,0
1403,7771402,0
1404,46105863,1
1405,41463776,0
1406,52282240,0
1407,32849017,1
1408,1461541,1
1409,60434263,0
1410,39941957,0
1411,47077505,1
1412,39746829,1
1413,38475040,0
1414,1510234,0
1415,49971119,0
1416,78878144,1
1417,39002460,0
1418,2890058,1
1419,96303321,0
1420,66189880,1
1421,44735517,0
1422,33492424,1
1423,13004560,1
1424,96091345,0
1425,67448735,0
1426,96009223,1
1427,61314860,0
1428,52976855,0
1429,32541186,0
1430,5319411,1
1431,368517,0
1432,86770066,0
1433,93622268,0
1434,26529456,0
1435,98330637,1
1436,88656506,1
1437,85068765,0
1438,96574694,0
1439,74918483,1
1440,66076043,1
1441,63627959,1
1442,60151657,0
1443,3684270,0
1444,96995832,0
1445,41801454,1
1446,55974429,0
1447,45627866,0
1448,76282911,0
1449,72610880,1
1450,69414449,0
1451,59916938,1
1452,10064386,0
1453,9558317,0
1454,80567667,0
1455,86127425,1
1456,27062076,0
1457,28184149,1
1458,35995375,0
1459,17862099,0
1460,48463492,0
1461,67717770,1
1462,32159782,0
1463,20352442,0
1464,85699963,1
1465,17350935,0
1466,77957372,0
1467,9987500,0
1468,35255941,0
1469,93265038,1
1470,92485998,0
1471,96203488,1
1472,56917053,1
1473,64961212,1
1474,44818928,0
1475,47116529,0
1476,96867679,0
1477,63826837,1
1478,29482649,0
1479,58457953,1
1480,87970156,0
1481,59990431,0
1482,901811,1
1483,35050262,0
1484,16662809,0
1485,12908901,0
1486,30177386,0
1487,33636159,0
1488,3620801,0
1489,52871849,0
1490,95230476,1
1491,25596058,0
1492,87193386,0
1493,23194817,0
1494,56999759,0
1495,31566800,1
1496,40297008,1
1497,59622365,1
1498,63408177,1
1499,27958506,0
1500,1013842,1
1501,99201267,1
1502,73597952,1
1503,94653578,0
1504,94986039,0
1505,50107590,1
1506,10403659,1
1507,35686784,0
1508,15965494,1
1509,83207218,1
1510,84608176,0
1511,26939527,0
1512,17502871,0
1513,78958375,0
1514,54271008,1
1515,36095830,1
1516,79100940,0
1517,99388499,0
1518,30876671,0
1519,47092943,0
1520,57083713,1
1521,10645422,0
1522,13775509,1
1523,41634417,1
1524,26232239,0
1525,68599726,1
1526,69323066,0
1527,36036773,1
1528,51954843,0
1529,70679460,1
1530,64000461,1
1531,40810270,0
1532,71900602,1
1533,53410208,0
1534,66147149,1
1535,75050874,0
1536,98597524,0
1537,46937261,0
1538,28285774,0
1539,81541373,0
1540,27290681,0
1541,71298678,0
1542,84340954,0
1543,65860007,0
1544,44107368,0
1545,59701507,0
1546,45999021,0
1547,80467457,1
1548,64368728,1
1549,23652302,0
1550,18670012,0
1551,97767998,1
1552,67976637,1
1553,26535260,1
1554,38056372,0
1555,81400054,0
1556,63294650,1
1557,47172123,0
1558,51568678,1
1559,53649415,0
1560,71936160,0
1561,43455997,1
1562,77552433,1
1563,86987521,1
1564,88943100,0
1565,48933372,1
1566,7617756,1
1567,19087930,1
1568,15253284,0
1569,60561601,0
1570,80482582,1
1571,74388051,1
1572,92410631,0
1573,55474607,1
1574,95750568,1
1575,18915256,0
1576,9897478,0
1577,73579890,0
1578,20308579,1
1579,69481975,0
1580,27621094,0
1581,23910067,0
1582,94047137,0
1583,92000553,1
1584,7611417,0
1585,418693,0
1586,7543476,1
1587,78910271,1
1588,96225304,1
1589,40944775,1
1590,19702350,0
1591,62939779,1
1592,7196791,0
1593,1851193,0
1594,50932485,1
1595,84565455,0
1596,27173892,1
1597,57374176,0
1598,11062726,1
1599,7175187,0
1600,31752875,0
1601,54712278,0
1602,14865801,1
1603,2208164,0
1604,47279064,0
1605,78570232,1
1606,40322205,0
1607,80264771,1
1608,63839241,1
1609,11419740,1
1610,57373605,0
1611,96834905,0
1612,74466136,1
1613,11254893,1
1614,5648805,0
1615,57231405,0
1616,68182157,0
1617,87220200,1
1618,50796712,1
1619,74508021,1
1620,90917592,1
1621,10206133,0
1622,53602776,1
1623,47025283,0
1624,8247744,0
1625,47650332,1
1626,41599422,0
1627,19455514,1
1628,29354976,0
1629,23566557,1
1630,5740936,0
1631,18828201,0
1632,54391761,0
1633,15250320,1
1634,70306921,1
1635,7839132,0
1636,98861163,0
1637,40967012,0
1638,41732684,1
1639,62277942,0
1640,51502229,0
1641,9072964,1
1642,83873329,0
1643,79853021,1
1644,47264465,0
1645,23549229,0
1646,30150009,0
1647,12739123,0
1648,80776562,1
1649,99501605,0
1650,17634947,0
1651,96328771,1
1652,58163335,1
1653,22198975,1
1654,41755196,0
1655,59120963,0
1656,91116705,0
1657,35966536,1
1658,50127267,1
1659,66452942,1
1660,55118231,1
1661,97168481,1
1662,48447048,0
1663,92025122,0
1664,60354929,0
1665,96513118,0
1666,66574653,0
1667,98514293,1
1668,10895224,0
1669,42665801,0
1670,88935077,0
1671,70446038,0
1672,28457115,0
1673,79673986,0
1674,99967537,1
1675,95921679,0
1676,48846477,1
1677,28415664,1
1678,46529764,1
1679,89473077,1
1680,67478814,1
1681,42845878,1
1682,43531035,0
1683,14205771,1
1684,74294115,1
1685,33804848,0
1686,8189528,1
1687,24942584,0
1688,75717360,0
1689,53253983,0
1690,78089834,1
1691,7176153,0
1692,85733088,1
1693,59189911,0
1694,9882523,1
1695,43954966,1
1696,58951062,1
1697,39688662,1
1698,24276565,1
1699,79571948,0
1700,81296606,0
1701,11080771,0
1702,1451776,1
1703,82057938,0
1704,66104573,0
1705,82370878,0
1706,91380704,0
1707,19651575,0
1708,77662388,0
1709,53886935,1
1710,82763536,0
1711,61157299,1
1712,5009599,0
1713,14548818,0
1714,23786676,1
1715,69160588,0
1716,17670150,1
1717,81327466,1
1718,27066085,0
1719,75050629,1
1720,74877015,1
1721,79386658,0
1722,13771461,0
1723,58289745,1
1724,81704039,0
1725,4894221,0
1726,12697071,0
1727,28550386,0
1728,14850892,0
1729,46319037,1
1730,38850010,1
1731,18211024,0
1732,55732914,0
1733,59587766,1
1734,37837806,1
1735,63418672,1
1736,68065080,0
1737,42016444,1
1738,7804718,0
1739,73933347,0
1740,20002218,1
1741,6250312,0
1742,38919443,0
1743,47880011,1
1744,70060751,0
1745,31007942,1
1746,6079821,0
1747,39158537,1
1748,64598146,0
1749,82778889,1
1750,90594795,1
1751,57193714,0
1752,44379362,1
1753,97051329,0
1754,75663219,1
1755,31319332,1
1756,66216815,1
1757,58961598,1
1758,89148969,1
1759,56982439,1
1760,65736030,0
1761,5310051,1
1762,76758933,1
1763,27939088,0
1764,72644330,1
1765,39157536,1
1766,38223980,0
1767,71973473,0
1768,68965368,1
1769,34267056,0
1770,69850002,1
1771,97742695,1
1772,72874855,0
1773,60265571,1
1774,43132001,0
1775,99415717,1
1776,16542264,1
1777,14299428,0
1778,23823898,1
1779,90605584,1
1780,22757461,1
1781,63572702,0
1782,12500141,1
1783,77530316,1
1784,84803089,1
1785,5069744,1
1786,6226624,1
1787,31898094,0
1788,67849656,0
1789,38536207,1
1790,62536924,1
1791,89116031,1
1792,4412137,1
1793,12070296,1
1794,45099272,0
1795,31897554,1
1796,59268754,1
1797,37134646,1
1798,33953527,0
1799,13900192,0
1800,53411904,0
1801,66825031,1
1802,79843482,1
1803,84486951,0
1804,88713763,0
1805,63325893,1
1806,50243089,0
1807,79899668,0
1808,27990736,0
1809,27403912,0
1810,80524003,1
1811,65346193,0
1812,42579266,1
1813,43750327,1
1814,95394912,1
1815,89788126,1
1816,92193428,1
1817,7822048,1
1818,606275,0
1819,73551346,0
1820,49914960,0
1821,98432201,1
1822,44837780,1
1823,25757734,1
1824,75182873,1
1825,1093304,0
1826,66917518,1
1827,86318641,0
1828,25985539,0
1829,24161695,0
1830,98255844,0
1831,84580153,0
1832,20738775,0
1833,29268985,1
1834,8542206,1
1835,43756578,0
1836,82346103,1
1837,10812965,0
1838,683284,1
1839,41592350,0
1840,32897584,0
1841,581281,1
1842,13575882,0
1843,95099518,0
1844,96050224,1
1845,34708457,1
1846,47605424,0
1847,87111015,0
1848,75450308,0
1849,99490958,0
1850,27883649,1
1851,69570928,1
1852,66739958,1
1853,33830046,0
1854,7841704,0
1855,9192624,1
1856,83973752,1
1857,43362215,1
1858,49320792,1
1859,40218137,0
1860,97619321,0
1861,84304115,1
1862,65820723,0
1863,21978009,0
1864,38844212,0
1865,63000811,1
1866,88221232,0
1867,14222226,0
1868,86044364,0
1869,37800161,0
1870,94160907,1
1871,45148559,0
1872,55800752,0
1873,38195677,1
1874,177299,0
1875,29309139,0
1876,9915657,0
1877,55236314,0
1878,73907136,0
1879,62181901,1
1880,43568986,0
1881,52846368,0
1882,65343106,0
1883,97017346,1
1884,64312699,0
1885,63929380,0
1886,43361095,1
1887,9482428,1
1888,35361066,1
1889,93894881,0
1890,29886887,1
1891,41850875,0
1892,39941059,1
1893,12193461,1
1894,88355759,1
1895,27587727,1
1896,96913237,1
1897,23687631,0
1898,48214869,0
1899,53840744,0
1900,71171908,1
1901,42964024,0
1902,5443235,1
1903,31557648,1
1904,96933345,0
1905,60688335,1
1906,75166368,0
1907,98127642,1
1908,98640445,0
1909,93715144,1
1910,38714155,1
1911,51241705,0
1912,57577473,0
1913,86638945,1
1914,85195014,0
1915,49219375,0
1916,63911920,1
1917,63524020,1
1918,7153661,0
1919,83510129,0
1920,27495141,0
1921,7219212,1
1922,56917927,1
1923,46353127,0
1924,63757881,1
1925,44857168,1
1926,20421046,1
1927,43935211,1
1928,36409056,1
1929,88538376,0
1930,49644781,1
1931,71656498,0
1932,99483281,1
1933,86094030,0
1934,24971994,1
1935,74555637,0
1936,80521010,0
1937,27445666,1
1938,28336212,0
1939,90252666,0
1940,13712785,0
1941,21052918,1
1942,25655152,0
1943,13885997,1
1944,42587346,0
1945,87824239,0
1946,55726430,0
1947,68673406,0
1948,47375053,1
1949,39942446,0
1950,8816632,1
1951,73872662,1
1952,97090468,1
1953,51052611,0
1954,32152707,1
1955,5478802,1
1956,32378173,0
1957,34518413,0
1958,44934830,1
1959,48253563,1
1960,71870167,0
1961,26838412,0
1962,74592590,0
1963,11227474,1
1964,41535730,0
1965,3598742,1
1966,51803334,1
1967,6291054,0
1968,55587376,1
1969,96829475,1
1970,32346573,0
1971,61870738,0
1972,67391213,1
1973,7292705,1
1974,24784802,0
1975,63936802,1
1976,24901582,1
1977,75281100,0
1978,82810713,0
1979,81548209,1
1980,38496050,0
1981,81234262,0
1982,37563035,1
1983,22977488,1
1984,70804727,1
1985,8941778,0
1986,4626343,0
1987,41481189,1
1988,34580811,1
1989,19100322,1
1990,82133712,1
1991,11109587,0
1992,82836263,1
1993,58841091,1
1994,9178598,1
1995,72125209,1
1996,29063772,0
1997,36829859,0
1998,23996109,0
1999,26118785,1
2000,63091006,1
2001,13440692,1
2002,87557584,1
2003,98918648,1
2004,36191280,1
2005,84515014,0
2006,73041938,0
2007,85952401,1
2008,83576484,1
2009,78781337,1
2010,82702959,1
2011,42362670,0
2012,99877835,0
2013,80288115,0
2014,37604175,0
2015,30736211,1
2016,68183337,1
2017,62451459,1
2018,30715299,0
2019,13632967,1
2020,33195838,0
2021,2898546,1
2022,67923421,0
2023,506931,1
2024,70096504,0
2025,26431393,0
2026,90808332,0
2027,16538259,0
2028,93217261,0
2029,21376002,0
2030,8409250,0
2031,15400383,0
2032,22895111,0
2033,53456653,1
2034,14894393,0
2035,25044249,1
2036,13077345,1
2037,45249788,1
2038,38077192,1
2039,34995998,0
2040,44362723,0
2041,99787257,0
2042,37837169,0
2043,3664058,0
2044,18806555,1
2045,92487531,0
2046,23953673,1
2047,95049233,0
2048,77442945,0
2049,20738719,1
2050,48180760,1
2051,45083298,1
2052,62010406,1
2053,93523674,0
2054,99770777,1
2055,29129514,1
2056,69368128,0
2057,13888373,0
2058,28921296,1
2059,90610997,1
2060,33072201,1
2061,17610658,1
2062,8050601,1
2063,50546311,1
2064,21823356,0
2065,25967949,1
2066,99789834,0
2067,30045054,0
2068,23468341,0
2069,38054517,1
2070,65554798,1
2071,57097583,1
2072,59986494,1
2073,62220196,0
2074,96279007,1
2075,23478097,1
2076,97672162,0
2077,76068532,1
2078,70398779,1
2079,68901242,1
2080,34147053,1
2081,91845211,1
2082,49714964,0
2083,85304095,0
2084,66662997,0
2085,3449730,1
2086,54888680,0
2087,29032857,0
2088,36444703,0
2089,3951925,0
2090,3592058,0
2091,54771356,1
2092,59213988,1
2093,17181384,0
2094,86577350,1
2095,26690755,1
2096,51483897,0
2097,83231379,1
2098,15206009,0
2099,7738080,0
2100,20429748,1
2101,26996112,0
2102,12611230,1
2103,92337108,0
2104,99988578,1
2105,35645527,0
2106,20133260,0
2107,58379242,1
2108,32660482,1
2109,37141133,0
2110,93358981,1
2111,84588633,1
2112,99214483,0
2113,60542588,1
2114,40369946,1
2115,8848607,0
2116,65097836,0
2117,73739372,0
2118,21705818,0
2119,12614648,0
2120,15407862,0
2121,8293832,1
2122,43653980,1
2123,27903607,1
2124,19498296,1
2125,49663929,0
2126,72614307,1
2127,97187801,0
2128,97631974,0
2129,55738677,1
2130,92353645,0
2131,73342030,1
2132,28628523,1
2133,68306351,1
2134,56912272,1
2135,42445327,0
2136,52931764,1
2137,66078283,0
2138,41271099,0
2139,45808990,0
2140,16804239,1
2141,69324145,1
2142,1004170,0
2143,97298691,1
2144,86334201,0
2145,51639842,0
2146,69829611,1
2147,49753224,0
2148,507059,0
2149,88098080,0
2150,24259983,1
2151,28916471,0
2152,97000670,1
2153,48458257,0
2154,85464738,1
2155,68310946,1
2156,47998342,1
2157,34692356,0
2158,90376934,1
2159,25748744,0
2160,66616905,0
2161,79077776,0
2162,32141746,0
2163,94272314,1
2164,70603698,0
2165,85914875,0
2166,48843075,0
2167,24414430,1
2168,60931905,0
2169,87550753,1
2170,19259366,1
2171,51153716,1
2172,89159978,1
2173,69368089,1
2174,83271538,0
2175,43969966,1
2176,68495904,0
2177,76145298,0
2178,98727590,0
2179,41276924,0
2180,73839090,0
2181,98506725,0
2182,44848119,1
2183,39762893,0
2184,58593900,0
2185,5542744,1
2186,69302909,0
2187,11071792,1
2188,5435992,1
2189,8556253,1
2190,88709355,0
2191,5427708,0
2192,99717689,1
2193,46330016,0
2194,6252294,0
2195,53141110,0
2196,40421301,0
2197,64043233,1
2198,95606586,1
2199,32382604,1
2200,92541025,0
2201,92904640,0
2202,50481996,0
2203,87850297,1
2204,84296161,0
2205,52989826,1
2206,35191315,1
2207,9978856,0
2208,47862820,0
2209,70610300,0
2210,57283046,0
2211,11627221,1
2212,50959455,0
2213,45969483,0
2214,91354706,0
2215,7352986,0
2216,35333330,1
2217,48355809,1
2218,33930512,0
2219,55373427,1
2220,76828813,0
2221,6590445,0
2222,23703756,1
2223,59562228,1
2224,56920877,1
2225,69118176,0
2226,90804662,0
2227,29886547,0
2228,57195308,1
2229,43024497,0
2230,96383408,1
2231,10890438,0
2232,25113404,1
2233,33306832,0
2234,55272630,0
2235,21305398,0
2236,50167807,1
2237,52731798,0
2238,58380578,1
2239,78421887,0
2240,7793842,0
2241,65721806,0
2242,84499561,0
2243,50331232,1
2244,6264405,1
2245,3180911,0
2246,18333711,0
2247,1965128,0
2248,16381650,0
2249,58017201,1
2250,11356888,1
2251,56630485,0
2252,22808924,0
2253,39759928,0
2254,12325802,0
2255,47588079,1
2256,83228517,1
2257,38253999,0
2258,35314223,0
2259,33030858,0
2260,31822198,1
2261,31568333,0
2262,18516500,1
2263,7039985,1
2264,87271576,0
2265,66498262,1
2266,48289250,0
2267,17757519,0
2268,72724146,1
2269,8552161,1
2270,5524414,0
2271,27811928,1
2272,72269954,1
2273,82356324,0
2274,36689402,1
2275,93259428,0
2276,95132309,0
2277,36008593,0
2278,21776503,0
2279,30473321,0
2280,20519875,1
2281,96471458,0
2282,2476082,0
2283,7271267,1
2284,80325599,0
2285,19479786,0
2286,23587379,0
2287,53768625,0
2288,89447063,1
2289,93697017,0
2290,97754568,0
2291,86755562,1
2292,97917024,1
2293,87299704,0
2294,46562431,0
2295,82777756,0
2296,50530494,1
2297,30639857,1
2298,50817066,0
2299,28655555,1
2300,28205335,0
2301,8358210,0
2302,43946706,0
2303,82318809,1
2304,82794833,0
2305,90259565,0
2306,58812686,0
2307,41019412,0
2308,28093553,0
2309,33091659,1
2310,65624593,0
2311,34107918,0
2312,18004471,1
2313,97297666,0
2314,48539312,1
2315,96470094,1
2316,999976,0
2317,13857434,1
2318,16918320,0
2319,18699655,0
2320,39122979,0
2321,1322942,1
2322,86034869,0
2323,43966144,1
2324,81743693,1
2325,52912963,0
2326,65605432,0
2327,2591328,1
2328,78715837,1
2329,39618707,0
2330,71101599,1
2331,39742563,1
2332,2216764,1
2333,63066346,0
2334,63600387,0
2335,21283235,1
2336,73331236,0
2337,5119545,0
2338,96223252,1
2339,47883013,1
2340,15854896,1
2341,22233287,1
2342,49330434,0
2343,52441398,1
2344,6845060,1
2345,62320055,0
2346,46354028,0
2347,85121096,1
2348,16080835,0
2349,49486459,0
2350,58400259,1
2351,61014136,0
2352,54130102,1
2353,82215023,1
2354,79792871,0
2355,63173644,0
2356,27773183,0
2357,8415834,0
2358,12997681,1
2359,10607076,0
2360,65885502,1
2361,51786443,0
2362,3893227,1
2363,92507159,1
2364,54890147,0
2365,89509820,0
2366,24505439,0
2367,31198894,0
2368,30263305,1
2369,5993610,0
2370,24553371,0
2371,67766235,1
2372,21055771,1
2373,21232816,0
2374,30120877,0
2375,7902956,1
2376,92414156,0
2377,50647626,1
2378,73504380,1
2379,51624135,1
2380,23371909,0
2381,18072028,0
2382,58370483,1
2383,96830612,1
2384,51111176,0
2385,37037318,0
2386,33754176,0
2387,45106113,0
2388,87822979,0
2389,64845466,0
2390,21548426,1
2391,24644305,0
2392,33755556,1
2393,57399758,0
2394,17850899,1
2395,5617583,1
2396,14027711,0
2397,97816608,1
2398,78156500,0
2399,91761612,0
2400,63144735,0
2401,64456915,0
2402,43582036,0
2403,34211107,1
2404,64926716,0
2405,93741697,0
2406,41525260,0
2407,13590968,1
2408,41074726,0
2409,16167490,0
2410,79668349,0
2411,74231213,1
2412,64759433,0
2413,4095398,1
2414,75929349,0
2415,94781153,1
2416,74265888,0
2417,45338523,0
2418,60665824,1
2419,58440474,0
2420,1310584,1
2421,67759312,1
2422,24539263,1
2423,56282562,0
2424,84564690,0
2425,16984655,1
2426,2916768,1
2427,51984223,0
2428,83920506,0
2429,86844071,1
2430,17797588,0
2431,98481661,0
2432,11967399,0
2433,28821289,1
2434,53342458,0
2435,5008485,1
2436,34759886,1
2437,73736701,1
2438,14974851,0
2439,70444371,1
2440,27708461,1
2441,83349181,1
2442,95872489,0
2443,624112,0
2444,52889445,1
2445,34246117,0
2446,71083746,1
2447,23607341,1
2448,39557023,0
2449,50098039,0
2450,26042080,0
2451,46245791,0
2452,83275391,0
2453,41962980,1
2454,4791094,0
2455,67271773,0
2456,28608046,1
2457,10056437,1
2458,45730577,0
2459,57124290,0
2460,39932626,1
2461,68389637,1
2462,21357866,1
2463,29498387,1
2464,33122190,1
2465,56661668,1
2466,98258022,0
2467,62022171,0
2468,76892003,0
2469,61539071,0
2470,2779522,0
2471,98168552,0
2472,4154393,1
2473,74751262,0
2474,2338817,1
2475,521757,0
2476,94654972,0
2477,60350405,1
2478,2691374,0
2479,16015698,1
2480,87629740,1
2481,12236336,0
2482,38977682,1
2483,62166549,0
2484,83706252,1
2485,50682717,1
2486,93844352,1
2487,81254872,0
2488,41426070,0
2489,9298618,0
2490,1361341,0
2491,89545472,1
2492,66517978,1
2493,20396219,1
2494,64779546,1
2495,24496856,1
2496,96344869,1
2497,24054274,1
2498,18123320,0
2499,73868652,1
2500,32930555,0
2501,90831629,0
2502,29621741,0
2503,95136516,0
2504,80958348,0
2505,29739892,0
2506,85591112,0
2507,39225619,0
2508,43394138,1
2509,4622192,0
2510,19582357,1
2511,74993292,0
2512,23133617,1
2513,84007462,0
2514,56621899,1
2515,83454098,0
2516,33605846,1
2517,62199454,0
2518,88337333,1
2519,28259242,1
2520,9531382,0
2521,43268472,1
2522,38661959,0
2523,47464006,0
2524,88278381,1
2525,91712486,1
2526,48046974,0
2527,35920027,0
2528,89831475,1
2529,61148103,1
2530,83040169,1
2531,78914047,0
2532,54115697,1
2533,66731320,1
2534,96831191,0
2535,2452546,0
2536,14572195,1
2537,14719845,0
2538,7927145,1
2539,39467745,1
2540,51648628,0
2541,21602746,0
2542,53436966,0
2543,46784787,0
2544,29298771,0
2545,95723152,1
2546,84860898,0
2547,4033578,0
2548,3938989,0
2549,54431925,1
2550,93329466,1
2551,1610310,1
2552,25636639,0
2553,80243149,0
2554,28653494,1
2555,55665294,0
2556,41227639,0
2557,573558,1
2558,52551169,0
2559,69049109,0
2560,7615738,0
2561,9870684,0
2562,36120209,0
2563,78439787,0
2564,18331794,1
2565,92204515,1
2566,5908926,1
2567,46384577,1
2568,12058501,1
2569,33040990,1
2570,82848030,1
2571,55833430,0
2572,12019706,1
2573,44107485,1
2574,67550128,1
2575,63054177,1
2576,31667421,0
2577,14918729,0
2578,3585421,1
2579,95433120,0
2580,39489228,0
2581,26852291,1
2582,81307680,1
2583,39975782,0
2584,75829708,1
2585,65120627,0
2586,72010505,1
2587,11175443,0
2588,5418695,0
2589,52674999,1
2590,10063530,0
2591,66954517,1
2592,59831043,0
2593,15384947,0
2594,80670685,0
2595,93453966,1
2596,45890327,1
2597,47674446,0
2598,87451106,1
2599,47765941,1
2600,29346017,0
2601,96099177,1
2602,4754475,0
2603,38679759,0
2604,15503089,0
2605,66499894,0
2606,43819034,0
2607,20873710,1
2608,20657474,1
2609,49257431,1
2610,9044015,0
2611,68362347,0
2612,9978107,1
2613,84734182,1
2614,59034128,1
2615,21323589,1
2616,44164394,0
2617,88007478,1
2618,61969731,0
2619,6087150,1
2620,73798990,1
2621,54611490,1
2622,44681594,0
2623,16939122,0
2624,62085471,1
2625,12794352,0
2626,57660625,1
2627,78890894,0
2628,56309305,0
2629,90011720,0
2630,54439107,0
2631,74402957,0
2632,51404232,0
2633,68428908,1
2634,74084028,1
2635,59067224,0
2636,77815647,0
2637,26516339,0
2638,53084290,1
2639,45352924,0
2640,70523346,1
2641,69284349,1
2642,48111232,1
2643,71304842,0
2644,29190649,0
2645,58929635,1
2646,79375864,1
2647,65404471,0
2648,62448192,0
2649,15803958,0
2650,60469603,0
2651,39093269,0
2652,46268500,0
2653,43791164,0
2654,30339031,0
2655,74259432,0
2656,78729471,0
2657,48425709,1
2658,86022407,1
2659,24449837,0
2660,99568707,1
2661,29412988,0
2662,17441830,0
2663,440719,1
2664,30791828,0
2665,80437697,0
2666,76644413,1
2667,12374003,0
2668,91010140,1
2669,34304847,1
2670,90934830,0
2671,50351422,1
2672,42886037,0
2673,18389379,1
2674,13026435,1
2675,23336033,0
2676,91619045,1
2677,75199858,1
2678,58227469,0
2679,50940,0
2680,84351524,0
2681,88200120,0
2682,73828713,0
2683,70500222,0
2684,41829163,1
2685,17293191,0
2686,24467923,0
2687,21901417,1
2688,8114563,0
2689,15474511,0
2690,79435898,1
2691,58433783,1
2692,4385561,1
2693,13126579,0
2694,61734363,0
2695,771111,0
2696,54326193,0
2697,18504401,1
2698,60234996,1
2699,71084861,0
2700,39942139,1
2701,76194528,0
2702,98737987,1
2703,70672864,1
2704,74289663,1
2705,33995503,0
2706,20999735,0
2707,67383493,0
2708,36834549,0
2709,11841860,1
2710,18762843,1
2711,88183213,1
2712,59946820,1
2713,96862534,0
2714,45437793,0
2715,76890188,1
2716,27086597,0
2717,51038752,0
2718,513162,0
2719,62477395,1
2720,72576299,0
2721,57112910,0
2722,10818467,1
2723,26965510,0
2724,95740089,1
2725,39081921,1
2726,65870886,0
2727,6085926,1
2728,10344936,1
2729,22164725,0
2730,29481052,1
2731,56243418,1
2732,67397421,0
2733,16509297,1
2734,36599781,0
2735,12842184,0
2736,23308319,0
2737,15104152,1
2738,59508159,1
2739,62052700,0
2740,32250197,1
2741,22698869,1
2742,14362107,0
2743,94065655,1
2744,93574409,1
2745,12896717,1
2746,71310841,0
2747,66274097,0
2748,20091859,0
2749,23846566,1
2750,63800365,1
2751,43224908,0
2752,68003889,0
2753,96062802,1
2754,77529223,0
2755,12773836,0
2756,26069192,1
2757,30330726,1
2758,28270562,0
2759,48405962,1
2760,40322944,0
2761,64245212,0
2762,49400875,0
2763,77958234,0
2764,4165598,0
2765,98469940,1
2766,32349097,1
2767,72617996,0
2768,84382825,0
2769,54161169,0
2770,61763298,0
2771,46850338,0
2772,57224158,1
2773,54856133,1
2774,84055591,1
2775,96275300,0
2776,49682012,1
2777,99612816,0
2778,84323633,0
2779,76788213,1
2780,28519778,1
2781,29187893,1
2782,19511282,1
2783,68091371,0
2784,50246144,1
2785,84714077,1
2786,8454711,1
2787,93149548,1
2788,22776912,0
2789,90975438,0
2790,40955904,0
2791,98795310,1
2792,10651006,0
2793,69818496,0
2794,29666324,0
2795,47941379,0
2796,73319163,0
2797,91476454,0
2798,39083383,0
2799,6599408,1
2800,9426491,0
2801,57399824,1
2802,84883063,1
2803,68700668,0
2804,91853399,1
2805,64418922,1
2806,10596896,1
2807,21910127,1
2808,37211421,0
2809,76084504,1
2810,71547009,1
2811,91549330,1
2812,42260184,0
2813,29385630,0
2814,95483363,1
2815,82180153,0
2816,68312764,0
2817,46409917,0
2818,12284205,0
2819,11831433,0
2820,47813751,0
2821,56224368,1
2822,62025965,0
2823,45384246,1
2824,17217421,1
2825,64250664,1
2826,66702639,1
2827,28099819,1
2828,568609,1
2829,64684055,1
2830,2865095,1
2831,98012854,0
2832,54053900,1
2833,1622018,1
2834,35556833,0
2835,33454252,1
2836,69532010,0
2837,1361923,0
2838,94845190,0
2839,43073474,1
2840,16447728,1
2841,69173215,0
2842,38698737,0
2843,7098418,1
2844,71316366,0
2845,34058602,0
2846,1848866,0
2847,93618063,0
2848,1263601,1
2849,20857038,0
2850,60867652,0
2851,12721595,1
2852,68382273,1
2853,22483333,0
2854,68937660,1
2855,80961223,0
2856,15057364,0
2857,46923945,0
2858,84639734,1
2859,87937371,1
2860,23902289,0
2861,37178548,1
2862,24603855,1
2863,80555736,1
2864,93412388,1
2865,93089643,0
2866,61912590,0
2867,74262568,0
2868,48860137,0
2869,25767031,1
2870,48635897,0
2871,90276425,0
2872,53307951,0
2873,96542499,1
2874,91723884,1
2875,54070232,0
2876,90848766,0
2877,9651531,0
2878,37729700,1
2879,44263303,0
2880,91962436,0
2881,89923306,0
2882,17992634,0
2883,24407970,0
2884,33153217,1
2885,3294989,0
2886,82382602,1
2887,11092914,1
2888,6912161,0
2889,35247086,0
2890,85220654,0
2891,21264678,0
2892,55106423,0
2893,38584018,1
2894,53290104,1
2895,85408670,1
2896,15254951,0
2897,91426374,0
2898,47917274,1
2899,76366172,1
2900,63300474,1
2901,34391438,0
2902,26171763,1
2903,94432656,1
2904,82047088,0
2905,92309179,1
2906,32924337,1
2907,23446972,1
2908,86227295,1
2909,84162328,1
2910,28904587,0
2911,72347452,0
2912,9925050,0
2913,94069501,0
2914,77502597,1
2915,32696795,0
2916,83831763,0
2917,21572799,1
2918,14380708,0
2919,8812290,1
2920,25017022,0
2921,88199460,1
2922,77827914,0
2923,42661601,0
2924,98130398,1
2925,30456579,0
2926,60133208,0
2927,66875893,1
2928,39795338,1
2929,75668252,1
2930,55804409,1
2931,43934285,0
2932,42672294,1
2933,65223281,1
2934,64306331,1
2935,2354882,1
2936,73021553,0
2937,26047380,1
2938,21627669,0
2939,60133658,0
2940,55241935,1
2941,88698231,0
2942,49193197,0
2943,78187671,0
2944,27578149,1
2945,39772593,0
2946,28745131,1
2947,51496523,1
2948,12678722,0
2949,73347989,1
2950,73653887,1
2951,66385759,0
2952,61236438,1
2953,45614970,1
2954,83086202,1
2955,86405342,0
2956,8997105,0
2957,90116988,1
2958,4887844,1
2959,32581995,1
2960,88735938,0
2961,45152701,0
2962,89442192,1
2963,47589997,1
2964,30356216,1
2965,39635352,1
2966,52078118,0
2967,42549493,0
2968,48281795,0
2969,40419612,1
2970,30843349,0
2971,40036441,0
2972,46967136,1
2973,9442456,0
2974,46212948,0
2975,26681643,1
2976,56547663,0
2977,61043656,0
2978,16840276,0
2979,45987069,0
2980,34830199,0
2981,4512522,1
2982,86377597,1
2983,39718714,1
2984,42021247,0
2985,8471690,0
2986,62106307,1
2987,4651740,1
2988,64089475,0
2989,44308350,0
2990,45215768,1
2991,77128216,1
2992,14571241,0
2993,97574052,1
2994,70379828,0
2995,96637590,0
2996,7418478,0
2997,67053105,0
2998,37165208,1
2999,34921197,0
3000,76437448,1
3001,44963302,1
3002,37327059,1
3003,86444262,1
3004,51680121,0
3005,78763802,0
3006,26258118,0
3007,28274036,0
3008,38332437,0
3009,40707596,0
3010,99917144,0
3011,24481195,1
3012,98507645,0
3013,94509476,0
3014,40527658,0
3015,35284873,1
3016,67708465,1
3017,32358828,0
3018,1066224,0
3019,81157586,0
3020,32190333,0
3021,11701078,0
3022,70192661,1
3023,4079550,0
3024,94671654,0
3025,88649211,1
3026,52522078,0
3027,80935004,0
3028,82890368,0
3029,33797929,0
3030,36855090,1
3031,77739891,0
3032,24243511,0
3033,61888608,1
3034,6238596,1
3035,59569869,0
3036,18598288,1
3037,53640363,0
3038,6793144,1
3039,75671273,1
3040,47748238,0
3041,93964544,1
3042,41223923,0
3043,76912391,0
3044,21205194,1
3045,44428158,1
3046,38996744,0
3047,20930910,1
3048,86403324,0
3049,76983562,0
3050,33849666,1
3051,62161840,1
3052,57205746,1
3053,32488063,0
3054,16689751,1
3055,38821057,1
3056,89506286,0
3057,46194979,1
3058,33085214,1
3059,21576249,0
3060,64196239,0
3061,29663240,1
3062,34555163,1
3063,55342159,0
3064,5436414,0
3065,24006859,0
3066,31506833,1
3067,86504832,1
3068,63862868,1
3069,15347446,0
3070,78298740,0
3071,79913275,1
3072,94946230,1
3073,25589416,0
3074,87520315,1
3075,91437038,1
3076,75393627,0
3077,10003267,0
3078,81305571,1
3079,55803006,1
3080,64849998,0
3081,31179867,0
3082,65864171,0
3083,96655243,0
3084,69191136,0
3085,5021691,1
3086,39055422,0
3087,39481753,0
3088,23803141,1
3089,35819316,0
3090,47853460,1
3091,8710127,0
3092,33492988,1
3093,79651450,0
3094,17041637,0
3095,64687471,0
3096,28280037,1
3097,8871805,0
3098,48078250,1
3099,21905258,0
3100,67138881,0
3101,47757166,1
3102,25812171,0
3103,41436755,1
3104,98225738,0
3105,75064651,1
3106,94046100,0
3107,78940625,0
3108,77942049,0
3109,5917486,1
3110,85331558,1
3111,31611324,0
3112,79704528,1
3113,6622273,1
3114,87400553,1
3115,44210124,1
3116,81790042,1
3117,28826674,0
3118,76436579,0
3119,5216946,0
3120,78215370,0
3121,65477485,0
3122,88791777,0
3123,63723940,1
3124,4696786,1
3125,62856375,0
3126,57232590,1
3127,88912505,0
3128,15173207,0
3129,218079,0
3130,12467102,1
3131,50859777,1
3132,26419099,0
3133,85036381,1
3134,89492130,1
3135,40470980,0
3136,7712208,1
3137,56315843,1
3138,34203643,1
3139,54825867,1
3140,58049487,0
3141,40617555,0
3142,34636977,1
3143,31991173,0
3144,79692896,1
3145,47849005,0
3146,97968421,1
3147,53576233,0
3148,77283676,0
3149,12258138,0
3150,78308523,1
3151,63614657,0
3152,85922560,0
3153,70437097,0
3154,68277946,0
3155,56410727,0
3156,2172915,1
3157,52043244,1
3158,77292008,0
3159,42468580,0
3160,21489898,0
3161,27730336,0
3162,34706470,0
3163,41487480,0
3164,29601353,0
3165,21239347,1
3166,35759636,1
3167,21928402,0
3168,10681267,1
3169,72375056,0
3170,14154056,1
3171,69196717,0
3172,28826381,1
3173,55712183,0
3174,40861147,0
3175,14651755,0
3176,58725654,1
3177,38032942,1
3178,25101388,0
3179,24173769,1
3180,52386241,0
3181,95015222,0
3182,49931217,1
3183,22566303,0
3184,57934561,0
3185,6280463,0
3186,78048489,1
3187,65151079,1
3188,4529686,1
3189,50089347,0
3190,78581679,0
3191,68235748,1
3192,90596843,1
3193,90628704,0
3194,82757763,1
3195,95281518,1
3196,49522533,1
3197,99999680,1
3198,52264373,0
3199,40834612,0
3200,98960303,0
3201,62527163,0
3202,62967295,1
3203,25460787,0
3204,93629004,1
3205,13584143,1
3206,65221973,1
3207,71931448,0
3208,28277955,1
3209,39411409,1
3210,63497183,1
3211,94983152,1
3212,9108377,1
3213,98408171,0
3214,56694753,0
3215,72569152,1
3216,87780866,0
3217,36610379,0
3218,48045861,0
3219,37211113,0
3220,2152989,1
3221,97187090,1
3222,82538809,1
3223,48635606,1
3224,3754181,0
3225,55785327,0
3226,10490454,1
3227,43017820,0
3228,88445977,0
3229,46523355,1
3230,92056129,1
3231,19722469,1
3232,15621179,1
3233,4068743,0
3234,16594215,1
3235,24052169,1
3236,39330065,1
3237,76442569,0
3238,78293319,1
3239,86415099,1
3240,77981085,1
3241,78440405,0
3242,7132058,1
3243,50664842,1
3244,77646806,0
3245,47917298,0
3246,70554895,0
3247,73566207,1
3248,85931862,0
3249,1828229,0
3250,29380413,1
3251,38755942,0
3252,2535068,1
3253,57866323,1
3254,47268746,0
3255,8128547,1
3256,8400970,1
3257,40019446,1
3258,33266369,1
3259,74216002,1
3260,29741450,0
3261,17518271,0
3262,10467007,0
3263,93739946,1
3264,54007895,1
3265,41347113,0
3266,58723167,1
3267,30654137,0
3268,50946087,1
3269,70651209,1
3270,24062324,1
3271,2410540,0
3272,58152776,0
3273,38289668,0
3274,83000664,1
3275,40759789,0
3276,16152597,0
3277,15039371,1
3278,24039351,1
3279,19856837,1
3280,63164136,0
3281,50452416,1
3282,90610152,1
3283,68428886,1
3284,29918219,0
3285,55451710,1
3286,78012586,1
3287,95384828,0
3288,1593734,0
3289,17904208,0
3290,63270283,1
3291,83571788,1
3292,99563406,1
3293,68536701,0
3294,68743861,0
3295,95607690,0
3296,79911454,1
3297,71942984,0
3298,9819899,1
3299,52973391,1
3300,18550241,1
3301,53983155,1
3302,61457824,0
3303,61466009,1
3304,49838867,1
3305,19736513,1
3306,83722421,0
3307,3090511,1
3308,32317349,0
3309,68850779,0
3310,38640666,1
3311,65638914,0
3312,56093439,0
3313,97087179,0
3314,59169205,0
3315,95889057,0
3316,61451968,1
3317,11279612,0
3318,19170445,0
3319,11971296,0
3320,86169927,0
3321,8021143,0
3322,51787541,0
3323,33226593,0
3324,46111401,0
3325,5373287,1
3326,99834424,0
3327,60470683,0
3328,38760997,0
3329,59726841,0
3330,555494,1
3331,9598077,0
3332,93860479,0
3333,77275638,1
3334,64532057,0
3335,47848512,0
3336,72159306,0
3337,79610861,0
3338,11249127,0
3339,7808483,0
3340,58760290,1
3341,50718795,1
3342,25492100,0
3343,4457491,1
3344,41756011,1
3345,33743239,1
3346,92160474,1
3347,91386761,0
3348,66132744,1
3349,38894045,0
3350,80608679,1
3351,47637073,1
3352,6030492,1
3353,21643657,0
3354,49292599,0
3355,87735379,0
3356,96066506,0
3357,29686952,1
3358,47655286,0
3359,65205704,0
3360,71068851,1
3361,30886297,1
3362,22410683,1
3363,57897343,0
3364,98379265,0
3365,2275529,0
3366,7981404,0
3367,91977655,0
3368,97098016,1
3369,14945938,0
3370,50781023,0
3371,59157785,0
3372,16004843,1
3373,10810592,0
3374,91301511,1
3375,31142279,1
3376,22838344,0
3377,60723549,1
3378,65825905,1
3379,71406146,0
3380,48642979,1
3381,51628161,1
3382,78545921,0
3383,61205849,0
3384,55922972,0
3385,17216285,0
3386,52496612,1
3387,42473263,1
3388,39703764,0
3389,82584293,0
3390,85940494,0
3391,43731279,0
3392,86009970,1
3393,78612665,0
3394,57035618,0
3395,28148350,1
3396,90191121,1
3397,281727,1
3398,41967480,0
3399,95005455,0
3400,58088415,0
3401,73572131,1
3402,81035597,1
3403,81610811,0
3404,15982939,1
3405,33600817,1
3406,21825497,0
3407,34338435,0
3408,79166625,0
3409,93914512,0
3410,19415800,0
3411,94748565,0
3412,38912501,0
3413,74415632,0
3414,529504,0
3415,83058739,1
3416,90510411,1
3417,67382369,0
3418,14496242,1
3419,99452850,0
3420,53947351,0
3421,52245208,0
3422,84689647,0
3423,20433495,0
3424,27930607,1
3425,83715039,0
3426,50544213,0
3427,58046901,0
3428,9833492,0
3429,59875440,0
3430,71324242,1
3431,36913684,1
3432,17875998,0
3433,13025490,1
3434,33833317,1
3435,25326765,0
3436,77587776,0
3437,82414063,1
3438,63882639,1
3439,74683509,0
3440,40589519,1
3441,23349119,0
3442,56601597,0
3443,18418576,1
3444,52277872,0
3445,17698586,0
3446,88139187,1
3447,24902845,1
3448,58011867,0
3449,76695883,1
3450,14401707,1
3451,52056979,0
3452,89597970,1
3453,47984117,0
3454,47836515,0
3455,44741704,0
3456,71813116,0
3457,17471011,1
3458,32160059,0
3459,23104892,1
3460,23405588,1
3461,12241429,1
3462,93713843,1
3463,82928410,0
3464,14525059,0
3465,97799588,1
3466,50308775,0
3467,31276731,1
3468,27075845,0
3469,98013779,1
3470,91986183,1
3471,50834253,1
3472,12254881,0
3473,87608659,1
3474,73699334,0
3475,99136122,0
3476,91473053,0
3477,59284472,0
3478,676214,0
3479,3058403,1
3480,2712467,1
3481,33376169,1
3482,80551039,1
3483,63782297,0
3484,39434625,1
3485,7326967,0
3486,38916664,1
3487,30739309,0
3488,30515388,1
3489,64085428,0
3490,55526835,1
3491,24686076,0
3492,7664058,1
3493,73480392,0
3494,58414796,0
3495,13318961,0
3496,47441784,0
3497,79246108,1
3498,99638467,1
3499,65883320,0
3500,18232705,0
3501,22355453,0
3502,49117360,0
3503,99770379,0
3504,17861663,1
3505,91375312,1
3506,54809595,0
3507,98178300,0
3508,29542906,1
3509,23152188,0
3510,51028881,1
3511,56218066,1
3512,2889863,0
3513,65588133,0
3514,56133719,0
3515,13826611,0
3516,68356021,0
3517,39120112,1
3518,30393055,0
3519,30078206,0
3520,37694414,0
3521,97912435,0
3522,53612534,1
3523,37392838,0
3524,7935433,1
3525,47336085,0
3526,21819416,1
3527,78336819,0
3528,11734416,1
3529,30385681,0
3530,75837505,1
3531,83939025,1
3532,46250913,0
3533,2027135,0
3534,24511234,0
3535,44657056,0
3536,70475688,0
3537,30552032,0
3538,35651042,0
3539,14720054,0
3540,8268076,1
3541,52900428,1
3542,11455048,1
3543,73173719,0
3544,1122742,0
3545,6673556,0
3546,82262943,0
3547,26799830,0
3548,41750378,1
3549,350821,0
3550,98441103,0
3551,8189454,0
3552,93562787,1
3553,96725385,0
3554,28665838,1
3555,84954803,1
3556,14231524,0
3557,73269680,0
3558,50082887,1
3559,79028770,1
3560,63009289,1
3561,23447115,1
3562,38961098,1
3563,65965836,0
3564,65141564,0
3565,20573297,0
3566,86351601,1
3567,80573470,1
3568,3298181,0
3569,12526703,0
3570,68301956,0
3571,96447294,1
3572,93220464,1
3573,51886915,1
3574,31096244,0
3575,31056945,1
3576,80410334,0
3577,83494724,1
3578,45151678,1
3579,11840983,0
3580,96828410,0
3581,1563913,1
3582,24630028,1
3583,36302293,0
3584,45550463,0
3585,82312406,0
3586,20200083,1
3587,10720023,1
3588,42052798,0
3589,74053223,0
3590,19888718,0
3591,90963493,0
3592,31118768,1
3593,51232716,0
3594,19174877,0
3595,45639804,0
3596,96138803,1
3597,82615859,1
3598,2368868,0
3599,45347884,0
3600,77171868,0
3601,24136554,1
3602,7925539,1
3603,16671263,0
3604,80559852,1
3605,57155985,1
3606,95416220,1
3607,68334543,1
3608,56420506,1
3609,88473880,0
3610,42799624,1
3611,39302487,1
3612,92766561,1
3613,86359371,1
3614,29346927,0
3615,32864914,1
3616,30528720,1
3617,307854,1
3618,55837388,1
3619,31872701,0
3620,43380877,0
3621,98868251,1
3622,51365148,0
3623,40240853,0
3624,26497278,1
3625,61144234,1
3626,11604095,1
3627,9872815,1
3628,10835381,1
3629,6307377,1
3630,37925972,1
3631,70750678,0
3632,58210299,0
3633,81677726,0
3634,26134385,0
3635,89945711,0
3636,24455454,1
3637,92386953,0
3638,70838258,0
3639,20357100,0
3640,99352981,1
3641,92873935,0
3642,13186622,0
3643,23373318,1
3644,58447251,1
3645,40198964,0
3646,40678395,0
3647,80858945,1
3648,54165779,1
3649,77253263,0
3650,18358597,1
3651,15768193,1
3652,31930464,0
3653,6914241,1
3654,14104717,0
3655,64342204,1
3656,88335984,1
3657,42081665,0
3658,38392545,1
3659,66802490,0
3660,79534606,1
3661,32990408,0
3662,66368459,1
3663,57716662,0
3664,13893103,1
3665,61637426,0
3666,4667262,0
3667,27024566,1
3668,90209156,1
3669,62713498,0
3670,21891862,1
3671,51285559,0
3672,26214523,0
3673,28558979,1
3674,41074720,1
3675,9193138,0
3676,56049007,1
3677,94962020,0
3678,65686227,0
3679,32087727,0
3680,47756382,0
3681,93089398,0
3682,98430195,0
3683,82540894,1
3684,34757571,1
3685,47259366,0
3686,99177185,1
3687,53239875,1
3688,12510907,0
3689,8093190,0
3690,46024442,1
3691,70654803,1
3692,2163249,1
3693,4008554,1
3694,3178734,0
3695,24214494,1
3696,2953031,1
3697,31694584,0
3698,44812638,0
3699,2666365,0
3700,69924028,0
3701,61009235,1
3702,36598627,0
3703,33357929,0
3704,68219654,0
3705,82386026,0
3706,54433534,1
3707,68831112,0
3708,23527097,0
3709,34288645,0
3710,3754006,0
3711,48270893,0
3712,27931627,0
3713,69702084,0
3714,49191324,0
3715,50723196,0
3716,66768506,1
3717,21785327,0
3718,76563396,0
3719,54651306,0
3720,37556658,1
3721,33687248,0
3722,96353147,1
3723,6314385,1
3724,54887447,1
3725,30359516,0
3726,87111044,0
3727,9711806,0
3728,75955805,1
3729,9869167,0
3730,43575979,0
3731,52227989,0
3732,38996102,1
3733,98382788,1
3734,76826009,0
3735,81375535,0
3736,52084036,0
3737,39155224,1
3738,82497798,1
3739,95779125,0
3740,3132026,0
3741,29223112,0
3742,39848739,0
3743,36503319,1
3744,63206393,1
3745,9347211,1
3746,61223918,0
3747,70768141,0
3748,18314837,1
3749,72944036,1
3750,38384643,0
3751,5687203,0
3752,10839610,0
3753,33802958,1
3754,3484785,0
3755,49604546,0
3756,69348468,1
3757,79873414,0
3758,21520140,1
3759,38064758,0
3760,64504832,0
3761,46769155,0
3762,77368600,0
3763,24898411,0
3764,84830384,0
3765,44075338,0
3766,19950741,1
3767,46707103,1
3768,61264546,1
3769,91656008,1
3770,68904789,0
3771,5385816,0
3772,42246782,1
3773,98969269,1
3774,36642100,0
3775,41543488,1
3776,43795979,1
3777,15307012,1
3778,85182401,1
3779,43680461,0
3780,39531056,1
3781,61227365,1
3782,38561717,0
3783,66075103,0
3784,24497218,1
3785,68986697,1
3786,87979996,0
3787,23088012,0
3788,35820856,0
3789,18948724,1
3790,37104923,1
3791,50155612,1
3792,86086483,1
3793,34200809,1
3794,6918821,0
3795,48743209,1
3796,76682945,1
3797,80345852,0
3798,52910636,1
3799,85877914,1
3800,86806590,1
3801,96575251,1
3802,97720531,0
3803,53131093,1
3804,90002893,1
3805,7598703,1
3806,76044783,1
3807,4022959,1
3808,69124433,0
3809,30088909,1
3810,4538769,0
3811,95065294,0
3812,71180934,1
3813,83922170,1
3814,38499941,0
3815,30518246,0
3816,20072776,1
3817,20001425,1
3818,58399277,1
3819,15796340,0
3820,15864413,0
3821,74069243,0
3822,19350485,1
3823,66755798,1
3824,14124897,1
3825,85273426,0
3826,48033616,0
3827,80152207,1
3828,58674955,0
3829,63847776,0
3830,57585028,0
3831,47384938,0
3832,78808508,0
3833,75852835,0
3834,57995454,0
3835,99431667,0
3836,59018861,0
3837,10758984,1
3838,92283523,0
3839,34356731,0
3840,43930859,0
3841,64816448,1
3842,49391429,0
3843,8125810,1
3844,95269128,0
3845,29895956,0
3846,50175595,1
3847,19546585,0
3848,83639253,1
3849,76957101,1
3850,99383287,0
3851,52617099,0
3852,71650312,0
3853,5783535,1
3854,19218689,1
3855,83073886,1
3856,24270899,0
3857,36899629,0
3858,17035523,1
3859,37525073,1
3860,117556,0
3861,68920219,0
3862,82367351,1
3863,29672592,1
3864,34138544,1
3865,37733305,1
3866,34039951,1
3867,46404954,0
3868,27388228,0
3869,56215561,1
3870,53105363,0
3871,51355051,1
3872,63710536,0
3873,91309582,1
3874,72106418,0
3875,85654049,1
3876,63255282,1
3877,50853691,1
3878,94094826,0
3879,331590,1
3880,77925382,0
3881,14837954,0
3882,5079439,1
3883,92404238,0
3884,10877395,0
3885,71966814,0
3886,70714631,1
3887,22194322,1
3888,60084182,0
3889,41200666,0
3890,26240933,0
3891,87373794,1
3892,52929977,0
3893,32377246,1
3894,44273504,1
3895,16542862,0
3896,37623604,1
3897,22774372,0
3898,18962492,1
3899,98809072,0
3900,85745529,1
3901,85435853,0
3902,85788214,1
3903,92624258,1
3904,46792402,0
3905,34721436,0
3906,67070728,1
3907,26159801,0
3908,52708285,0
3909,52460589,1
3910,51998915,0
3911,27455685,1
3912,79973951,0
3913,21096604,1
3914,44555523,0
3915,80487395,0
3916,99900908,0
3917,82881815,1
3918,58615216,1
3919,66388543,0
3920,71509838,0
3921,72717967,0
3922,94747849,0
3923,9156029,1
3924,95890287,0
3925,46684516,0
3926,86750398,0
3927,72226124,1
3928,61745236,1
3929,96258144,0
3930,4893642,1
3931,71348421,0
3932,22594058,1
3933,95321345,1
3934,52616100,1
3935,43022550,0
3936,14128185,0
3937,55454267,1
3938,64706705,1
3939,44552122,0
3940,96907636,0
3941,93176546,1
3942,12547172,1
3943,9690524,0
3944,80835412,0
3945,99849205,1
3946,39944012,0
3947,81417143,0
3948,78204059,0
3949,71095927,0
3950,44477280,1
3951,24886460,0
3952,25843453,1
3953,84734394,1
3954,33875138,0
3955,30827699,1
3956,92934575,0
3957,93986992,0
3958,89576281,1
3959,10678387,1
3960,78428645,0
3961,29791372,0
3962,79176394,0
3963,25114146,0
3964,4593707,0
3965,96503820,1
3966,65948703,0
3967,59343178,1
3968,38603818,1
3969,64671404,1
3970,30929391,0
3971,64627741,1
3972,60061070,0
3973,12730223,1
3974,54982271,1
3975,50303489,1
3976,76781413,0
3977,51019913,1
3978,75211941,0
3979,20047434,1
3980,17995188,1
3981,90791793,0
3982,2366066,0
3983,3137260,1
3984,80603751,1
3985,10166707,1
3986,68601490,1
3987,65475647,0
3988,17915071,1
3989,89497781,1
3990,78484785,1
3991,57352697,0
3992,547551,1
3993,22852194,1
3994,34983892,0
3995,55375985,0
3996,95522133,1
3997,54522584,0
3998,10930506,0
3999,26620887,1
4000,32706955,0
4001,72500935,0
4002,32646822,0
4003,18177248,0
4004,9708480,1
4005,38891925,0
4006,58573553,0
4007,70174467,1
4008,36892830,0
4009,99195512,0
4010,58798619,1
4011,62086113,1
4012,13529871,0
4013,78115851,1
4014,59552097,1
4015,88860811,1
4016,2108826,1
4017,68643191,1
4018,34102387,1
4019,48161744,0
4020,18351390,1
4021,75844510,0
4022,89934397,0
4023,53779441,1
4024,33006078,1
4025,95312022,1
4026,42532660,1
4027,63169283,1
4028,32642404,0
4029,70909336,1
4030,33709652,0
4031,37272191,1
4032,81399705,0
4033,21724802,0
4034,93000047,1
4035,36768582,0
4036,96675064,1
4037,39191321,1
4038,38906402,0
4039,51330264,0
4040,126935,0
4041,61009479,0
4042,10066310,1
4043,50885447,0
4044,65035676,0
4045,14076810,1
4046,53611444,0
4047,53907029,0
4048,50397574,0
4049,46266430,0
4050,44510904,1
4051,24763937,0
4052,25676816,0
4053,69713869,0
4054,46726266,1
4055,57784143,0
4056,11542491,0
4057,82461541,1
4058,18784555,0
4059,72090768,0
4060,93911343,0
4061,7736277,1
4062,14151691,1
4063,82363585,0
4064,8467346,0
4065,41016531,0
4066,15531589,0
4067,95514822,0
4068,95178313,0
4069,76229751,1
4070,25113046,1
4071,68958958,1
4072,61621763,0
4073,54871418,1
4074,67917142,1
4075,69494290,0
4076,16191966,0
4077,97623546,1
4078,96751727,0
4079,95396762,1
4080,12720003,0
4081,69315957,1
4082,60048863,0
4083,26622748,1
4084,83805343,0
4085,26385344,0
4086,54186907,1
4087,43657092,0
4088,37796079,1
4089,41952471,1
4090,58825283,1
4091,68393860,0
4092,77484761,0
4093,46709084,0
4094,82955373,0
4095,73108951,0
4096,26447881,0
4097,91661754,0
4098,47314303,0
4099,31479063,0
4100,85938961,1
4101,37140818,0
4102,10565884,0
4103,66967190,0
4104,99199448,1
4105,14104664,1
4106,55392310,0
4107,70261572,1
4108,33253357,0
4109,83342877,0
4110,70715100,0
4111,71704226,1
4112,93315648,1
4113,47975972,0
4114,13888852,0
4115,86075363,1
4116,96734400,0
4117,95497852,1
4118,92403086,0
4119,52267133,1
4120,28481202,0
4121,73691073,0
4122,21970231,0
4123,84948604,0
4124,37964005,0
4125,11449729,0
4126,11356541,1
4127,53173484,1
4128,36389576,0
4129,58157369,1
4130,45155363,0
4131,24879096,1
4132,4803344,0
4133,52560289,1
4134,95033943,0
4135,90233782,0
4136,10767925,0
4137,59470284,1
4138,70668898,1
4139,55316382,0
4140,9534903,0
4141,3314739,0
4142,74298343,0
4143,89038920,0
4144,98455704,1
4145,63579862,0
4146,76380054,0
4147,45864063,1
4148,28051826,0
4149,78115218,1
4150,57746497,1
4151,85029718,1
4152,86337937,0
4153,11353867,0
4154,21747074,1
4155,71188696,0
4156,71045231,0
4157,32820894,0
4158,14818582,0
4159,93535963,0
4160,36526823,1
4161,40142061,0
4162,47076031,1
4163,31072699,1
4164,46579237,1
4165,83310079,0
4166,43976962,0
4167,34075015,1
4168,72699441,1
4169,94553454,1
4170,96571821,1
4171,28583055,0
4172,45745541,0
4173,95782907,1
4174,51099815,0
4175,21668475,0
4176,79073096,1
4177,22119757,1
4178,52830129,1
4179,26152657,0
4180,42145577,1
4181,32990734,0
4182,82716193,1
4183,41485331,0
4184,31113562,1
4185,63934272,1
4186,33486286,0
4187,43955514,0
4188,47355978,1
4189,5389007,0
4190,27868636,1
4191,16981134,1
4192,1888728,1
4193,36347318,0
4194,32381332,0
4195,42396248,0
4196,12022974,0
4197,4976466,1
4198,24093456,0
4199,59605485,1
4200,7065498,1
4201,93876250,0
4202,79097237,0
4203,93323663,1
4204,29326500,1
4205,18155281,1
4206,20083228,1
4207,47718496,0
4208,85459902,0
4209,73117800,1
4210,91998901,0
4211,52730916,1
4212,49667378,1
4213,90022565,0
4214,70163233,0
4215,21078650,1
4216,99581668,0
4217,99583528,1
4218,56313233,0
4219,58656137,1
4220,78951974,1
4221,21359349,0
4222,95721840,0
4223,63974778,0
4224,82315725,1
4225,15597795,1
4226,32544958,0
4227,92148250,0
4228,58807405,1
4229,5931846,1
4230,58044117,0
4231,24456696,0
4232,33116523,0
4233,88238142,1
4234,65817315,0
4235,78093242,0
4236,23316462,0
4237,75328477,1
4238,92877183,0
4239,92817587,1
4240,19143789,1
4241,86896046,1
4242,19937446,1
4243,1826000,0
4244,77326951,0
4245,91843603,1
4246,59438753,0
4247,5675257,1
4248,72518333,0
4249,25201360,1
4250,55995250,0
4251,89176508,0
4252,33005107,0
4253,59219623,0
4254,35680778,1
4255,99172426,0
4256,22473210,0
4257,37648561,1
4258,74230661,1
4259,46966804,1
4260,23796437,0
4261,16576146,0
4262,50996081,0
4263,85896879,0
4264,69909483,1
4265,91320336,0
4266,11039185,0
4267,20336527,1
4268,38513795,1
4269,12652859,0
4270,96755245,0
4271,48881517,0
4272,27713834,0
4273,58475331,0
4274,74445325,0
4275,66245004,1
4276,60936749,0
4277,35342525,1
4278,14771683,1
4279,68179791,0
4280,6715387,1
4281,83873734,0
4282,53850584,0
4283,60537691,1
4284,89267243,0
4285,97680269,0
4286,72970097,0
4287,40503988,1
4288,8144041,1
4289,62756712,0
4290,40824471,1
4291,88308284,1
4292,30994379,0
4293,50615998,0
4294,96495568,0
4295,82933740,1
4296,12041525,0
4297,44763290,1
4298,26250094,0
4299,69910844,0
4300,59362844,1
4301,51596978,0
4302,50251185,1
4303,85490501,0
4304,48819028,0
4305,67167838,0
4306,83629946,0
4307,90493352,1
4308,6393719,0
4309,34005631,0
4310,53167255,1
4311,49637214,0
4312,28739329,0
4313,15387560,1
4314,85855131,1
4315,97232810,0
4316,52639072,0
4317,75010969,0
4318,57192854,0
4319,13705197,0
4320,83561383,0
4321,84678121,1
4322,370258,1
4323,56816315,1
4324,53418806,0
4325,46653901,0
4326,50116492,0
4327,93043169,0
4328,49666606,1
4329,74590997,1
4330,15404394,0
4331,27015485,1
4332,89003636,0
4333,69512179,1
4334,84314817,0
4335,39760766,1
4336,64504493,0
4337,36118747,0
4338,6318309,0
4339,93230237,1
4340,59507821,1
4341,93011179,0
4342,17178672,0
4343,55035599,0
4344,66285252,1
4345,77217130,1
4346,4857390,0
4347,19786531,1
4348,55703722,1
4349,78077934,0
4350,36489134,0
4351,45956004,0
4352,56146979,1
4353,21845362,0
4354,76026954,0
4355,57161466,1
4356,83762897,1
4357,56343077,1
4358,72343780,0
4359,5462230,0
4360,59235280,0
4361,18718602,1
4362,18911055,0
4363,59688498,0
4364,15555810,0
4365,64038277,1
4366,71923630,1
4367,70811563,0
4368,98606572,0
4369,20679518,1
4370,59921856,0
4371,29473888,0
4372,22422408,1
4373,51559141,0
4374,40994389,1
4375,52701647,1
4376,92917530,0
4377,15584488,0
4378,99041905,0
4379,87385529,0
4380,39224801,1
4381,62275096,0
4382,90684787,1
4383,80989339,0
4384,22013956,0
4385,15955193,0
4386,98165114,0
4387,64121750,1
4388,2305889,0
4389,83212336,0
4390,95918198,1
4391,91935610,0
4392,27067408,0
4393,4870694,0
4394,25355724,0
4395,77979812,1
4396,97236127,0
4397,99472961,0
4398,36187758,0
4399,99678028,1
4400,49592643,0
4401,31099458,0
4402,38559782,1
4403,62247620,0
4404,88992699,0
4405,76293656,0
4406,52518893,0
4407,48153184,1
4408,8623898,0
4409,24524890,0
4410,34004806,1
4411,73075602,0
4412,53689693,1
4413,67969801,0
4414,4024330,0
4415,46084699,0
4416,92100655,0
4417,58638926,1
4418,3597913,1
4419,46004739,1
4420,67555827,1
4421,22321124,0
4422,47696289,1
4423,877421,1
4424,82776368,0
4425,74523192,0
4426,78791390,1
4427,43570395,1
4428,84117437,0
4429,32242229,0
4430,59319576,1
4431,37402527,0
4432,58825459,1
4433,59964562,1
4434,8739208,0
4435,23701543,0
4436,35028097,0
4437,66639275,0
4438,20729045,1
4439,8009719,0
4440,14169381,0
4441,47994079,0
4442,78044629,0
4443,1521146,1
4444,14976384,0
4445,64198553,1
4446,98801178,0
4447,44312909,0
4448,18523734,0
4449,68794901,1
4450,50212809,0
4451,13637870,0
4452,99815733,1
4453,33919847,1
4454,68955791,1
4455,94258484,0
4456,54445476,0
4457,67888328,1
4458,78446910,0
4459,85194196,0
4460,38743206,1
4461,36903185,1
4462,95460765,0
4463,71418107,0
4464,12067626,1
4465,8359045,0
4466,95204601,1
4467,79480581,0
4468,28373881,1
4469,60356424,1
4470,64026953,0
4471,26807411,0
4472,95055476,1
4473,3803237,0
4474,631701,1
4475,48527973,1
4476,83273854,1
4477,10364899,1
4478,24419000,0
4479,91935267,1
4480,39931409,1
4481,14564793,1
4482,21653209,0
4483,65943371,1
4484,42357588,0
4485,89701672,1
4486,23969519,1
4487,24163664,1
4488,26030145,0
4489,64443795,0
4490,59461135,0
4491,47708756,0
4492,69107082,1
4493,11089937,0
4494,45729557,1
4495,9605096,0
4496,96581439,0
4497,52228494,0
4498,38311906,1
4499,30059991,1
4500,70495971,1
4501,54517796,1
4502,92545103,0
4503,50157498,0
4504,20757503,1
4505,37112887,0
4506,10376412,0
4507,73016129,0
4508,47495766,0
4509,77013069,0
4510,74101940,1
4511,44170453,1
4512,46386937,0
4513,64647853,0
4514,63231475,1
4515,74231858,0
4516,81863717,1
4517,32497751,1
4518,44597234,1
4519,56327367,1
4520,46521865,0
4521,59696507,1
4522,5459938,1
4523,95481247,0
4524,21392336,1
4525,55201931,1
4526,84378201,0
4527,26418445,1
4528,98415152,0
4529,24039668,0
4530,83467032,0
4531,29334516,1
4532,83605292,0
4533,93659963,0
4534,65057898,0
4535,73148685,1
4536,90357754,0
4537,73617207,0
4538,69573062,1
4539,708350,1
4540,37585644,0
4541,41434409,0
4542,65049167,0
4543,39202472,0
4544,29766846,0
4545,44338675,0
4546,11114169,0
4547,91082602,1
4548,25373233,0
4549,87269377,0
4550,50813245,0
4551,50939708,0
4552,5367780,0
4553,51487162,0
4554,78360368,1
4555,59463808,1
4556,34454324,1
4557,88546834,1
4558,64284043,0
4559,84868903,0
4560,4641952,0
4561,35802475,0
4562,27116193,1
4563,63878148,0
4564,54394198,0
4565,87328907,1
4566,79462450,0
4567,50186683,1
4568,43813414,0
4569,60894440,1
4570,80615194,1
4571,85592941,0
4572,24711698,0
4573,99984336,1
4574,67035120,0
4575,33893695,0
4576,50169658,0
4577,27015107,0
4578,91712844,0
4579,72045112,0
4580,8043822,0
4581,33385473,1
4582,19457731,0
4583,13766028,0
4584,66338233,0
4585,5961422,1
4586,99683064,0
4587,1970657,1
4588,56661848,1
4589,71353914,0
4590,68673641,1
4591,8283288,1
4592,47613054,1
4593,43296158,1
4594,7142686,0
4595,99336283,0
4596,80542808,1
4597,22882838,1
4598,58669583,0
4599,91589936,1
4600,59396981,0
4601,48583817,1
4602,94996148,0
4603,56454954,1
4604,30388707,0
4605,89291809,0
4606,409257,1
4607,75488443,0
4608,75330352,1
4609,87317286,0
4610,67346982,0
4611,29718406,0
4612,39357161,1
4613,23136235,1
4614,84930140,0
4615,39193827,0
4616,99590294,1
4617,94808966,1
4618,14158276,1
4619,98329283,1
4620,11842227,1
4621,4611165,1
4622,93894696,1
4623,35970002,0
4624,50762315,1
4625,48962034,0
4626,31317727,0
4627,97979839,0
4628,54113876,0
4629,87953844,1
4630,26937271,1
4631,58383596,0
4632,80357050,0
4633,56019765,1
4634,77366344,1
4635,10055880,1
4636,51792398,1
4637,82398260,1
4638,62693719,1
4639,31394137,0
4640,61737103,1
4641,47620156,1
4642,63024289,1
4643,61689992,1
4644,1370532,1
4645,2672564,0
4646,36194681,0
4647,81061748,1
4648,89937916,1
4649,25132163,1
4650,79818906,1
4651,57949609,1
4652,3437627,0
4653,96014871,0
4654,11107679,0
4655,56879277,0
4656,20590772,0
4657,58025001,1
4658,66817404,0
4659,97676287,1
4660,67445225,1
4661,56167905,1
4662,42845330,1
4663,82729307,1
4664,85015901,0
4665,26687666,0
4666,81286022,0
4667,96345516,0
4668,39865688,0
4669,89425841,1
4670,6335360,0
4671,3219895,0
4672,7278173,1
4673,92860028,1
4674,9554115,1
4675,85032270,1
4676,78212002,0
4677,83436874,0
4678,92270122,0
4679,97162773,1
4680,11681378,1
4681,86037173,0
4682,8025077,0
4683,97103193,1
4684,13360507,0
4685,54891333,1
4686,59961850,0
4687,51718131,1
4688,87650351,1
4689,8114551,1
4690,69423041,0
4691,98438095,1
4692,71974747,1
4693,89621917,0
4694,96089073,0
4695,77809947,1
4696,51831793,1
4697,29916755,0
4698,63828136,0
4699,34174960,0
4700,6324026,1
4701,73924399,1
4702,7654410,0
4703,49446707,1
4704,68277469,0
4705,28538040,1
4706,72748976,0
4707,9497605,1
4708,14652932,1
4709,98518962,0
4710,52597818,1
4711,75650930,0
4712,57326587,1
4713,88975739,1
4714,53560753,1
4715,13642050,0
4716,41419039,0
4717,66740873,0
4718,85739449,0
4719,59295357,1
4720,96750247,0
4721,74250583,1
4722,54725546,1
4723,16442855,1
4724,78136227,1
4725,6051980,1
4726,22082015,0
4727,83048651,0
4728,73280982,1
4729,94181516,1
4730,76996086,0
4731,26344467,1
4732,62138009,1
4733,39205540,0
4734,76329106,1
4735,65278638,0
4736,46352874,1
4737,1575030,0
4738,51907756,0
4739,93524721,0
4740,48481421,0
4741,3638357,0
4742,80543881,0
4743,67965650,1
4744,56801281,0
4745,26264346,1
4746,12965529,1
4747,82535943,1
4748,66877270,1
4749,68390056,0
4750,36870445,1
4751,97818506,0
4752,65985063,1
4753,69065209,1
4754,24020136,0
4755,59406178,0
4756,74045822,0
4757,50501881,0
4758,27656366,0
4759,35490790,1
4760,44160317,1
4761,58167338,1
4762,2261311,0
4763,31984797,1
4764,70267911,0
4765,39954457,0
4766,27241373,0
4767,23147675,0
4768,5005306,0
4769,30959921,0
4770,92559778,1
4771,99412328,0
4772,450407,0
4773,64310958,1
4774,76243795,0
4775,60679412,1
4776,95014754,0
4777,39516922,1
4778,47840826,0
4779,35824020,0
4780,44876755,0
4781,29914763,0
4782,62318364,1
4783,4860023,0
4784,59483083,0
4785,70411664,1
4786,76097971,1
4787,12338797,0
4788,91607630,1
4789,57804546,0
4790,62605812,1
4791,94054404,1
4792,89046659,1
4793,69396837,1
4794,49706714,1
4795,28350897,0
4796,63802992,1
4797,48356845,0
4798,14016145,1
4799,559917,1
4800,46939260,1
4801,48159253,1
4802,73496527,0
4803,53084435,1
4804,80682584,1
4805,8734937,0
4806,6966699,0
4807,45454679,0
4808,14421509,0
4809,50914567,1
4810,68530030,1
4811,91330600,1
4812,60034294,0
4813,1210592,0
4814,18590160,0
4815,74617138,0
4816,87663052,1
4817,6915128,0
4818,27841890,1
4819,33403953,0
4820,99911226,0
4821,28902452,0
4822,75393406,1
4823,32594337,0
4824,36325942,0
4825,56338669,1
4826,22068186,1
4827,42738927,0
4828,22613150,0
4829,53832869,1
4830,67466548,1
4831,62479510,0
4832,6040453,1
4833,59129528,0
4834,90958842,1
4835,32588368,0
4836,9822227,1
4837,68473833,0
4838,82978948,0
4839,42722953,0
4840,29281146,0
4841,55970380,1
4842,8356198,0
4843,42896317,0
4844,92338287,1
4845,45313401,0
4846,40776977,0
4847,75841500,1
4848,89762855,0
4849,69573049,0
4850,35994248,0
4851,58479570,0
4852,53624598,0
4853,98578475,0
4854,27979294,0
4855,73122071,0
4856,70227980,0
4857,483137,1
4858,90009918,0
4859,11533763,1
4860,49156377,0
4861,17194012,0
4862,63577902,0
4863,76582767,0
4864,3091059,0
4865,94183560,0
4866,22374050,1
4867,14177005,0
4868,92816517,1
4869,93951993,1
4870,27879640,0
4871,85819996,1
4872,56969603,1
4873,84816141,1
4874,97886931,1
4875,55547169,0
4876,46010539,0
4877,75634261,1
4878,91035980,1
4879,46882226,0
4880,51314515,0
4881,7423280,0
4882,65154870,1
4883,72035996,0
4884,52110711,1
4885,67890598,1
4886,11946025,0
4887,22899,1
4888,79527571,1
4889,67518654,0
4890,6528607,0
4891,10693331,0
4892,18642891,0
4893,55046733,1
4894,452658,0
4895,81759045,1
4896,50030112,1
4897,41783890,0
4898,91227453,0
4899,28328519,0
4900,30509442,0
4901,50872782,0
4902,45084590,0
4903,69907295,0
4904,82173531,0
4905,86650713,1
4906,83249956,0
4907,55116419,1
4908,31610451,1
4909,40616415,0
4910,45723574,1
4911,42589434,1
4912,93078414,0
4913,10574425,0
4914,84023495,0
4915,19599329,0
4916,30729438,0
4917,70287217,1
4918,26577616,0
4919,18627936,1
4920,97885663,1
4921,13431113,0
4922,44706920,0
4923,38896722,0
4924,27270006,0
4925,20691853,1
4926,25624254,0
4927,86957027,0
4928,49083272,1
4929,90775337,1
4930,13641759,0
4931,2040479,1
4932,63690311,0
4933,69273181,0
4934,51111196,1
4935,3015012,1
4936,54268135,1
4937,68353108,1
4938,94222600,1
4939,57804707,0
4940,6779155,0
4941,87110807,0
4942,10657243,0
4943,99140726,0
4944,24811752,0
4945,49202608,0
4946,66255598,1
4947,84345871,0
4948,69092210,1
4949,49111754,0
4950,14907076,0
4951,78002711,0
4952,91187991,0
4953,32820811,1
4954,46869540,1
4955,6916371,1
4956,14196903,0
4957,98223005,0
4958,68610623,1
4959,35574385,0
4960,50179294,0
4961,2480913,0
4962,68511053,0
4963,18780719,0
4964,40017672,1
4965,92955048,0
4966,8501277,1
4967,62584963,0
4968,42399340,1
4969,2102941,0
4970,46728112,1
4971,87507449,1
4972,47653609,1
4973,72515811,0
4974,32366852,0
4975,14349913,0
4976,62500435,1
4977,74479692,1
4978,80928297,0
4979,90094556,0
4980,78551097,0
4981,66116219,0
4982,79027525,1
4983,36611764,0
4984,56387802,1
4985,97528284,1
4986,95392284,1
4987,82956992,0
4988,52872013,0
4989,60576214,0
4990,67977687,0
4991,43194961,1
4992,6323787,1
4993,73215364,0
4994,91188693,0
4995,76584911,0
4996,74517726,1
4997,17060000,0
4998,60591036,0
4999,66977616,1
5000,54083072,0
5001,54244935,1
5002,80412249,0
5003,88260849,0
5004,25617927,0
5005,58877868,1
5006,40610322,0
5007,84349819,0
5008,34051333,1
5009,69913615,1
5010,83996849,1
5011,83014080,0
5012,22015177,1
5013,2132533,1
5014,42711403,0
5015,5607565,0
5016,52541686,0
5017,60773228,0
5018,63956178,0
5019,38761946,0
5020,72749791,1
5021,59661557,1
5022,32707409,0
5023,50935035,1
5024,77627283,0
5025,32826090,0
5026,5932441,1
5027,71383179,0
5028,18347957,0
5029,37872259,1
5030,73125353,0
5031,73241034,0
5032,91942377,1
5033,5496106,0
5034,42187420,1
5035,50065075,0
5036,53495460,1
5037,64806636,0
5038,61339818,0
5039,21962984,0
5040,7343989,1
5041,28881211,1
5042,56356110,0
5043,70871229,0
5044,77255210,1
5045,87229439,0
5046,73021485,0
5047,89185088,1
5048,75915257,1
5049,95324294,0
5050,15528477,1
5051,29861821,1
5052,25590548,1
5053,1713682,1
5054,28654147,0
5055,49522162,0
5056,20856837,1
5057,73657227,0
5058,19383241,1
5059,35540196,0
5060,28695784,1
5061,60046355,1
5062,46911703,0
5063,72522161,0
5064,51799569,1
5065,81673597,0
5066,60808677,1
5067,3886317,1
5068,42337032,0
5069,54993223,0
5070,61313305,1
5071,62688371,0
5072,54892632,1
5073,19581953,0
5074,10789064,1
5075,12064455,0
5076,67444980,0
5077,10229977,0
5078,60940299,0
5079,17005865,0
5080,78929600,0
5081,97513388,0
5082,17427240,0
5083,16203811,1
5084,81303642,0
5085,36005457,1
5086,17605074,0
5087,44204936,0
5088,39830996,1
5089,85538763,1
5090,77094156,0
5091,5160597,1
5092,22169732,1
5093,61172279,1
5094,66685376,0
5095,58059741,1
5096,72923403,0
5097,61542377,1
5098,96057039,0
5099,20395638,0
5100,60412759,1
5101,18654396,1
5102,7124049,0
5103,25646885,1
5104,38291598,0
5105,41121283,1
5106,4953958,0
5107,31682096,1
5108,90499028,0
5109,13422446,1
5110,11291751,0
5111,75342510,1
5112,53889704,1
5113,37521219,0
5114,73931370,0
5115,54373394,0
5116,18935779,1
5117,67484084,0
5118,25296226,0
5119,75983006,1
5120,46656732,0
5121,15548583,1
5122,24599816,1
5123,93472541,1
5124,14786519,1
5125,64936619,0
5126,34788345,0
5127,59709496,1
5128,60703794,1
5129,63112086,0
5130,19018635,1
5131,75662337,1
5132,45887693,0
5133,75721743,0
5134,43592606,1
5135,45149703,0
5136,65728672,1
5137,31490560,0
5138,58866054,1
5139,48005065,0
5140,77952668,1
5141,59990971,0
5142,45728264,1
5143,1071870,0
5144,17281851,1
5145,52808914,1
5146,74322423,0
5147,77335574,0
5148,82270827,1
5149,9794224,0
5150,42857274,1
5151,76873019,1
5152,34026442,0
5153,58547140,0
5154,15233857,0
5155,225025,0
5156,59367123,0
5157,41144715,0
5158,57847078,0
5159,50829081,1
5160,26069968,0
5161,36996359,0
5162,14307675,1
5163,32750544,0
5164,19011675,1
5165,51722802,1
5166,34987850,0
5167,6349212,0
5168,21276897,1
5169,47550723,1
5170,76437144,0
5171,92867029,0
5172,53455317,0
5173,18734965,1
5174,99486577,0
5175,8954870,0
5176,31098199,0
5177,35021302,0
5178,22053688,1
5179,45488741,1
5180,8596945,0
5181,7229557,0
5182,10413542,0
5183,91453110,1
5184,69642352,1
5185,66753025,1
5186,78942947,1
5187,78802734,0
5188,39270809,1
5189,90005965,0
5190,47328174,1
5191,98592314,0
5192,30017172,1
5193,75692529,0
5194,78214402,1
5195,10324267,0
5196,18345402,1
5197,13720727,1
5198,47121754,1
5199,10058778,1
5200,96280753,0
5201,14257147,1
5202,48751972,0
5203,14490414,0
5204,66580583,0
5205,66529254,0
5206,36245233,0
5207,14129852,0
5208,69782718,1
5209,49836853,0
5210,61108040,0
5211,65495599,1
5212,58584278,1
5213,38874433,0
5214,97662652,0
5215,78695523,0
5216,384494,0
5217,86688057,1
5218,19568391,0
5219,34188654,1
5220,44487260,0
5221,90393281,0
5222,96991635,0
5223,81226381,0
5224,33468665,0
5225,22478214,1
5226,18552071,0
5227,70858420,0
5228,61782607,0
5229,77078020,0
5230,45316463,0
5231,43551825,0
5232,9451749,1
5233,73410167,1
5234,58247825,0
5235,36460428,1
5236,32328212,0
5237,62895171,0
5238,19961643,1
5239,43486791,0
5240,70749448,0
5241,41585945,1
5242,6572814,0
5243,66778394,1
5244,55515806,1
5245,42059673,0
5246,6147623,1
5247,19519989,0
5248,35237670,0
5249,68050945,0
5250,18872798,0
5251,87620653,1
5252,21678642,0
5253,51303724,1
5254,5721604,0
5255,56687390,0
5256,41951078,1
5257,43726510,1
5258,49856670,0
5259,84238892,0
5260,78157637,1
5261,39942876,1
5262,20126923,0
5263,1579633,0
5264,43045496,1
5265,93487974,1
5266,11596802,0
5267,83651372,0
5268,15881446,0
5269,81092932,1
5270,52277412,1
5271,81827403,1
5272,36961762,0
5273,22474552,1
5274,79709826,1
5275,64094297,0
5276,12646472,1
5277,52344048,0
5278,46145930,1
5279,49631342,0
5280,71557713,0
5281,90997823,0
5282,96548039,1
5283,4972273,0
5284,95160511,1
5285,12598453,1
5286,10376120,1
5287,20694145,0
5288,7923600,1
5289,69101708,1
5290,95044232,0
5291,25484406,0
5292,68253309,1
5293,56496020,0
5294,52337939,1
5295,55065582,1
5296,25055219,1
5297,95035858,0
5298,25578110,0
5299,46221647,0
5300,74533847,0
5301,2132230,1
5302,37174970,1
5303,1297829,1
5304,46684787,0
5305,94222898,0
5306,45911713,0
5307,16730077,1
5308,4870185,0
5309,36895172,0
5310,33152392,1
5311,2470443,0
5312,64404394,1
5313,77241644,1
5314,26782922,1
5315,43509872,1
5316,9002442,1
5317,33394172,0
5318,30861480,0
5319,15592985,0
5320,22736056,1
5321,97330461,0
5322,93322758,0
5323,21709256,1
5324,39233919,1
5325,50392639,0
5326,52301817,0
5327,55715208,1
5328,16631698,1
5329,3622602,0
5330,27708166,0
5331,90342947,1
5332,54781719,0
5333,5352934,1
5334,1600833,1
5335,43376245,1
5336,53602656,0
5337,11449765,1
5338,43732528,0
5339,65656334,1
5340,34992100,0
5341,31515556,0
5342,62820104,0
5343,962405,0
5344,88478780,1
5345,87949693,0
5346,67928733,0
5347,66862432,0
5348,40207348,0
5349,38490599,1
5350,91442236,1
5351,14664253,1
5352,43758609,0
5353,77583591,0
5354,30060971,0
5355,17352837,0
5356,36389053,1
5357,28900337,1
5358,8834477,0
5359,85028283,1
5360,39308561,1
5361,92579895,1
5362,15570959,0
5363,49618966,1
5364,27166161,0
5365,10831740,0
5366,43875957,0
5367,53395,0
5368,54120270,1
5369,12406425,0
5370,36024071,1
5371,4911203,1
5372,87201361,0
5373,23509423,1
5374,75940748,0
5375,1585299,1
5376,5436835,0
5377,60825967,1
5378,48057553,0
5379,43637663,0
5380,63169332,0
5381,74079587,0
5382,26365531,1
5383,52244578,0
5384,28205332,1
5385,8413983,0
5386,94365096,1
5387,75616801,0
5388,60296544,0
5389,52912415,0
5390,96275770,1
5391,99160936,1
5392,49933875,1
5393,36734580,1
5394,94328553,1
5395,47668940,0
5396,72311347,0
5397,37427561,1
5398,65596907,0
5399,19164890,0
5400,84671984,1
5401,34328394,1
5402,71628575,0
5403,60955945,1
5404,94223016,0
5405,13083218,0
5406,76415680,1
5407,61990656,0
5408,56636675,1
5409,88400649,0
5410,11007795,0
5411,93686698,0
5412,19636258,1
5413,1925153,1
5414,60251270,0
5415,88269777,1
5416,8403849,1
5417,72603738,0
5418,83227940,1
5419,3904838,0
5420,77774787,1
5421,94750550,1
5422,21131912,1
5423,14209820,0
5424,78235796,0
5425,83418405,1
5426,77762327,0
5427,49179809,0
5428,75169373,1
5429,23043170,0
5430,27475547,0
5431,66676781,1
5432,7168161,0
5433,26108972,0
5434,86988270,1
5435,95791843,1
5436,24440178,1
5437,72596532,1
5438,31466611,0
5439,7579423,0
5440,73355686,0
5441,87459636,0
5442,15939752,0
5443,93698913,0
5444,54086500,0
5445,20873616,0
5446,40149306,1
5447,96217967,0
5448,32072106,0
5449,615526,1
5450,10832516,0
5451,17403698,0
5452,6687045,0
5453,16753848,1
5454,59660392,0
5455,95623488,1
5456,38397584,1
5457,78513961,1
5458,81015865,0
5459,84981788,0
5460,99387107,0
5461,20171368,0
5462,29398575,0
5463,50449089,0
5464,50350048,0
5465,4309673,1
5466,63898901,0
5467,94848009,0
5468,41201999,0
5469,27979606,1
5470,68939124,1
5471,37398620,0
5472,4905824,1
5473,77237200,0
5474,54410582,0
5475,53938226,0
5476,49984494,1
5477,25655267,1
5478,91453656,1
5479,32486485,0
5480,35495565,1
5481,96245965,1
5482,38886866,0
5483,78076605,1
5484,68461637,0
5485,8062673,1
5486,11702148,0
5487,78028657,0
5488,53296399,0
5489,28006767,0
5490,75470815,1
5491,6443703,0
5492,45131907,0
5493,83734156,1
5494,39208460,0
5495,76222234,0
5496,43021222,1
5497,41574395,0
5498,98259659,1
5499,23858374,0
5500,43892754,1
5501,2861450,0
5502,14001176,1
5503,18864557,0
5504,69742166,0
5505,38591936,1
5506,78773456,0
5507,96501153,1
5508,76951783,0
5509,25256271,0
5510,50952165,0
5511,98804574,0
5512,89281745,0
5513,17637572,0
5514,90691671,1
5515,69873657,0
5516,17637161,0
5517,58481484,0
5518,44676756,0
5519,28828236,0
5520,37193871,1
5521,62691685,0
5522,53929554,1
5523,43212257,0
5524,36719500,1
5525,16214146,1
5526,85070032,0
5527,61102970,0
5528,88189065,0
5529,35459529,0
5530,29656101,0
5531,12630779,0
5532,86206724,0
5533,82585308,0
5534,42358186,0
5535,89116468,0
5536,84365979,1
5537,82226539,0
5538,20845773,1
5539,35118501,0
5540,50446331,0
5541,9459005,0
5542,78743091,0
5543,59780583,1
5544,14030201,0
5545,3614441,1
5546,71634960,0
5547,7675526,0
5548,27636980,0
5549,67755456,1
5550,15254530,0
5551,62574131,0
5552,10026296,0
5553,71614062,0
5554,68018851,0
5555,24234439,1
5556,74460130,0
5557,38791997,1
5558,15789572,0
5559,81095386,0
5560,84906776,1
5561,21546709,1
5562,83729700,0
5563,45928448,0
5564,42574062,0
5565,12548616,0
5566,54749969,0
5567,64543174,1
5568,98214863,1
5569,69685927,0
5570,12570806,1
5571,66561175,0
5572,38175551,0
5573,58598492,0
5574,58958646,0
5575,31613114,1
5576,52345169,1
5577,43979678,1
5578,364063,1
5579,23671549,0
5580,91174737,1
5581,84144771,1
5582,93059008,0
5583,39513209,1
5584,34174139,0
5585,31974499,0
5586,8477993,0
5587,99100618,0
5588,40133468,0
5589,11056834,1
5590,64499477,0
5591,7927648,1
5592,65481729,0
5593,17319846,0
5594,818174,1
5595,17891979,1
5596,45995180,0
5597,5000075,1
5598,26459187,0
5599,15683076,0
5600,3630439,1
5601,76012945,0
5602,91512720,1
5603,30120513,0
5604,38169826,0
5605,52220754,1
5606,48433830,0
5607,36658234,0
5608,76417408,1
5609,54645432,1
5610,75599132,0
5611,17208030,0
5612,21417943,0
5613,97077599,0
5614,71977032,1
5615,68668328,0
5616,71022537,0
5617,87209446,1
5618,42121528,1
5619,94527967,1
5620,2532518,0
5621,80638494,0
5622,58948598,0
5623,53470814,1
5624,89748062,1
5625,10331386,1
5626,62942921,0
5627,59566967,0
5628,13316918,1
5629,62772670,0
5630,72286950,0
5631,32508398,1
5632,53876581,0
5633,54740363,0
5634,21650358,0
5635,28403177,0
5636,96567084,0
5637,27034273,0
5638,14036897,0
5639,99596323,1
5640,29095564,1
5641,83241615,1
5642,76448946,1
5643,17698452,1
5644,49409143,1
5645,45229256,0
5646,47746315,1
5647,59747945,1
5648,39975016,0
5649,9144745,1
5650,46448575,0
5651,91410708,0
5652,34973727,0
5653,72446283,0
5654,24442897,0
5655,7764729,0
5656,93478792,1
5657,91212486,0
5658,33167382,1
5659,47995959,1
5660,60701974,0
5661,73723907,0
5662,85148152,1
5663,51820675,0
5664,33767380,0
5665,68099692,1
5666,55707532,0
5667,65212654,0
5668,14360608,0
5669,86551409,0
5670,14404397,0
5671,91837362,0
5672,44867984,0
5673,96937355,1
5674,23603973,0
5675,26396826,0
5676,40989881,0
5677,22181157,0
5678,95999722,1
5679,80695715,0
5680,86719987,0
5681,37889298,1
5682,62140058,0
5683,68337372,1
5684,46095038,1
5685,39920201,1
5686,38020128,0
5687,662157,0
5688,60685784,1
5689,24260808,1
5690,22148028,1
5691,64690140,0
5692,13128717,1
5693,34927541,0
5694,18992359,0
5695,6461724,0
5696,84999717,0
5697,69955140,1
5698,90600873,0
5699,37259044,0
5700,54436720,0
5701,30393563,1
5702,32245044,1
5703,3299846,1
5704,76368949,1
5705,6842158,1
5706,16410393,0
5707,35116878,1
5708,6507142,1
5709,48079409,0
5710,66591843,0
5711,34529340,0
5712,55444022,0
5713,50183949,1
5714,56053006,1
5715,40592211,1
5716,3990151,1
5717,69832318,1
5718,52628322,1
5719,66990882,0
5720,3385982,0
5721,21910148,0
5722,37808195,1
5723,54397214,0
5724,62631394,0
5725,26527914,1
5726,67135024,0
5727,27427136,0
5728,7606330,1
5729,561689,1
5730,5144740,0
5731,36473105,1
5732,87627356,1
5733,41408368,0
5734,45991797,0
5735,11613882,0
5736,82705270,1
5737,72899509,1
5738,37633014,1
5739,83108440,0
5740,16026721,1
5741,73818041,0
5742,26474729,1
5743,10171705,1
5744,93980764,0
5745,75586727,1
5746,2762123,0
5747,92340374,0
5748,24713158,1
5749,35902375,0
5750,91293742,0
5751,28170344,1
5752,44213163,0
5753,80434437,0
5754,52950663,0
5755,72416522,0
5756,34997570,0
5757,47927293,1
5758,3484746,0
5759,86124516,1
5760,82235884,0
5761,9416140,1
5762,71866206,0
5763,61495918,0
5764,66191490,1
5765,87031529,1
5766,17171343,0
5767,340557,1
5768,9745595,0
5769,9967570,1
5770,53158342,0
5771,83915896,0
5772,85917235,0
5773,54729297,1
5774,18074104,1
5775,70537342,1
5776,83739553,1
5777,87047604,0
5778,73863744,0
5779,79091959,1
5780,44345086,0
5781,66311481,0
5782,96360944,1
5783,91473563,1
5784,94554365,1
5785,61546226,0
5786,53800437,0
5787,64208339,0
5788,58806196,0
5789,84696412,0
5790,42705235,0
5791,13990747,0
5792,85268880,0
5793,88699095,0
5794,58070888,1
5795,59465550,0
5796,40586220,0
5797,38436784,1
5798,47629403,1
5799,3467492,0
5800,86419792,0
5801,48041843,1
5802,78155779,0
5803,26594227,0
5804,46740820,0
5805,27648833,0
5806,20480882,1
5807,53281050,0
5808,38949486,1
5809,5470193,1
5810,38720236,0
5811,86287779,1
5812,51842514,0
5813,39026145,1
5814,41920328,1
5815,64701057,1
5816,45484912,0
5817,75685549,1
5818,51528903,0
5819,90456190,1
5820,44075019,1
5821,6596740,0
5822,85799976,1
5823,57163214,0
5824,40877619,1
5825,52114084,1
5826,34860287,0
5827,40759116,0
5828,91843324,1
5829,85939459,0
5830,60462258,0
5831,2761357,1
5832,31744352,1
5833,19084264,1
5834,98397399,0
5835,53690172,1
5836,62292113,0
5837,9119707,0
5838,94754447,1
5839,63734056,1
5840,80298679,1
5841,32731041,1
5842,6764684,0
5843,86722270,0
5844,5838549,0
5845,41627313,0
5846,14821988,0
5847,33799672,0
5848,94381868,1
5849,44782802,1
5850,52653471,1
5851,52451335,1
5852,27213328,1
5853,68146409,0
5854,84580615,0
5855,88218615,1
5856,72854087,0
5857,15673882,1
5858,61931318,1
5859,75487548,1
5860,78796877,1
5861,87098793,0
5862,4416498,0
5863,38557984,0
5864,34989116,0
5865,12710845,1
5866,21773817,0
5867,56763905,1
5868,66473821,0
5869,23170258,1
5870,78275041,1
5871,2529698,1
5872,35755271,0
5873,24753950,0
5874,27237946,1
5875,81099335,0
5876,4230897,0
5877,6094078,0
5878,32478197,0
5879,8885733,0
